sample_name	subphylum	relative_abundance	subphylum_label
13114.angenent.65.s009	Saccharomycotina	0.1640601400937709	Saccharomycotina
13114.bittleston.68.s010	Pucciniomycotina	0.0005165639680102266	Pucciniomycotina
13114.bittleston.68.s010	Saccharomycotina	0.0063020804097247635	Saccharomycotina
13114.bowen.74.s013	Wallemiomycotina	0.005188008340115154	Wallemiomycotina
13114.jensen.43.s003	Ustilaginomycotina	0.02910722128005358	Ustilaginomycotina
13114.jensen.43.s016	Saccharomycotina	0.04993211266354372	Saccharomycotina
13114.mayer.33.s007	Agaricomycotina	0.00011512832202773212	Agaricomycotina
13114.mayer.33.s007	Saccharomycotina	0.00780490624505246	Saccharomycotina
13114.mayer.33.s007	Wallemiomycotina	0.0004366936352776046	Wallemiomycotina
13114.myrold.5.s003	Agaricomycotina	0.001869801605722581	Agaricomycotina
13114.myrold.5.s003	Pezizomycotina	5.7119445445334643e-05	Pezizomycotina
13114.myrold.5.s004	Agaricomycotina	0.0034762874885522254	Agaricomycotina
13114.myrold.5.s004	Pezizomycotina	0.00045833405021479653	Pezizomycotina
13114.myrold.5.s008	Agaricomycotina	0.0005962695883876498	Agaricomycotina
13114.myrold.5.s008	Pezizomycotina	0.0008286393544504839	Pezizomycotina
13114.myrold.5.s008	Saccharomycotina	6.46689443288076e-05	Saccharomycotina
13114.myrold.5.s008	Wallemiomycotina	6.576502813099077e-05	Wallemiomycotina
13114.myrold.59.s006	Pezizomycotina	0.001155845708619634	Pezizomycotina
13114.myrold.59.s019	Agaricomycotina	0.004152516169259115	Agaricomycotina
13114.myrold.59.s019	Pezizomycotina	0.0018782150057879688	Pezizomycotina
13114.pinto.63.s003	Saccharomycotina	0.00032636128103780186	Saccharomycotina
13114.rohwer.86.s001	Saccharomycotina	0.014006086022919825	Saccharomycotina
13114.sandin.54.s009	Ustilaginomycotina	0.029782679958089416	Ustilaginomycotina
13114.sandin.54.s011	Saccharomycotina	0.0007872835813669364	Saccharomycotina
13114.song.51.s010	Agaricomycotina	0.00012975274576272947	Agaricomycotina
13114.song.51.s010	Saccharomycotina	0.01261845452542544	Saccharomycotina
13114.song.53.s013	Agaricomycotina	0.0021835427836094544	Agaricomycotina
13114.song.53.s013	Pezizomycotina	0.0005216241094178142	Pezizomycotina
13114.song.53.s013	Saccharomycotina	0.45201761779364164	Saccharomycotina
13114.song.53.s013	Ustilaginomycotina	0.00038818538375279195	Ustilaginomycotina
13114.song.53.s013	Wallemiomycotina	0.0002547466580877697	Wallemiomycotina
13114.stegen.36.s010	Pezizomycotina	0.002541656584880046	Pezizomycotina
13114.stegen.36.s010	Saccharomycotina	0.007559925969992305	Saccharomycotina
13114.stegen.36.s010	Ustilaginomycotina	0.0029467662436105796	Ustilaginomycotina
13114.stegen.37.s004	Wallemiomycotina	0.00043874717693613346	Wallemiomycotina
13114.thomas.18.s018	Saccharomycotina	1.936991975429644e-05	Saccharomycotina
13114.thomas.19.s025	Agaricomycotina	4.907621388788146e-05	Agaricomycotina
13114.thomas.19.s025	Pezizomycotina	4.907621388788146e-05	Pezizomycotina
13114.thomas.19.s025	Saccharomycotina	0.0002208429624954666	Saccharomycotina
13114.thomas.19.s025	Wallemiomycotina	2.453810694394073e-05	Wallemiomycotina
13114.tucker.58.s014	Ustilaginomycotina	0.03725609070873897	Ustilaginomycotina
13114.zaneveld.9.s006	Saccharomycotina	0.07391508998172899	Saccharomycotina
13114.angenent.65.s003	Saccharomycotina	0.12122971829622761	Saccharomycotina
13114.angenent.65.s004	Saccharomycotina	0.25629798405679155	Saccharomycotina
13114.angenent.65.s007	Saccharomycotina	0.11782201890838156	Saccharomycotina
13114.angenent.65.s007	Wallemiomycotina	9.111946089353202e-05	Wallemiomycotina
13114.angenent.65.s008	Saccharomycotina	0.19977269491652208	Saccharomycotina
13114.berry.2.s001	Saccharomycotina	0.005615016703506844	Saccharomycotina
13114.bittleston.68.s003	Agaricomycotina	0.3712812810215467	Agaricomycotina
13114.bittleston.68.s003	Pezizomycotina	0.024310185044075026	Pezizomycotina
13114.bittleston.68.s003	Ustilaginomycotina	0.0006118620332696581	Ustilaginomycotina
13114.bittleston.68.s006	Saccharomycotina	0.0006016685161519998	Saccharomycotina
13114.bittleston.68.s014	Ustilaginomycotina	0.0037880455628500225	Ustilaginomycotina
13114.bowen.74.s008	Agaricomycotina	1.8264353133231515e-05	Agaricomycotina
13114.bowen.74.s008	Saccharomycotina	0.0001095861187993891	Saccharomycotina
13114.bowen.74.s015	Saccharomycotina	0.0034321493464171448	Saccharomycotina
13114.king.27.s013	Agaricomycotina	7.944210037286944e-05	Agaricomycotina
13114.king.27.s013	Pezizomycotina	0.0007838287236789785	Pezizomycotina
13114.king.27.s013	Saccharomycotina	7.414596034801148e-05	Saccharomycotina
13114.king.27.s013	Wallemiomycotina	0.00027539928129261405	Wallemiomycotina
13114.macrae.crerar.3.s004	Pezizomycotina	0.00010886547284498837	Pezizomycotina
13114.macrae.crerar.3.s005	Pezizomycotina	0.00014350815288534995	Pezizomycotina
13114.macrae.crerar.3.s005	Saccharomycotina	0.0031384609087535234	Saccharomycotina
13114.macrae.crerar.3.s009	Pezizomycotina	0.00025393972858629206	Pezizomycotina
13114.macrae.crerar.3.s009	Saccharomycotina	0.0022969527713278598	Saccharomycotina
13114.macrae.crerar.3.s012	Pezizomycotina	0.00045157561892568844	Pezizomycotina
13114.makhalanyane.46.s010	Pezizomycotina	0.00031339629034654625	Pezizomycotina
13114.mayer.34.s002	Agaricomycotina	0.0022386062557459485	Agaricomycotina
13114.mayer.34.s002	Pezizomycotina	0.010717615929571324	Pezizomycotina
13114.mayer.34.s006	Wallemiomycotina	0.00024034283020961272	Wallemiomycotina
13114.mcmahon.21.s001	Agaricomycotina	5.892609548030955e-05	Agaricomycotina
13114.metcalf.40.s002	Pezizomycotina	0.0007826519538763209	Pezizomycotina
13114.metcalf.40.s002	Saccharomycotina	0.00834638324535259	Saccharomycotina
13114.metcalf.40.s006	Agaricomycotina	0.00020554736476033003	Agaricomycotina
13114.metcalf.40.s006	Pezizomycotina	0.00044170816682539	Pezizomycotina
13114.metcalf.40.s014	Pezizomycotina	0.002305992028192926	Pezizomycotina
13114.metcalf.40.s014	Saccharomycotina	0.01540520553019619	Saccharomycotina
13114.myrold.5.s007	Agaricomycotina	0.0013468995769464669	Agaricomycotina
13114.myrold.5.s007	Pezizomycotina	0.0016613879215636844	Pezizomycotina
13114.myrold.5.s007	Ustilaginomycotina	0.0005717969902131227	Ustilaginomycotina
13114.myrold.5.s009	Agaricomycotina	0.00015394426191423625	Agaricomycotina
13114.myrold.5.s009	Pezizomycotina	0.00047582771864400293	Pezizomycotina
13114.myrold.5.s009	Saccharomycotina	0.000317218479096002	Saccharomycotina
13114.myrold.59.s005	Pezizomycotina	0.0003872421581601231	Pezizomycotina
13114.myrold.59.s021	Pezizomycotina	0.010420087696202344	Pezizomycotina
13114.myrold.59.s022	Agaricomycotina	0.0012039140287835937	Agaricomycotina
13114.palenik.42.s017	Wallemiomycotina	0.06384981013329703	Wallemiomycotina
13114.palenik.42.s019	Saccharomycotina	0.04567285151371836	Saccharomycotina
13114.pinto.63.s011	Saccharomycotina	0.00015565352272977262	Saccharomycotina
13114.pinto.63.s025	Saccharomycotina	0.006342548460489923	Saccharomycotina
13114.pinto.63.s025	Wallemiomycotina	0.0001742103849778514	Wallemiomycotina
13114.rohwer.84.s014	Ustilaginomycotina	0.07011534811281728	Ustilaginomycotina
13114.rohwer.85.s001	Saccharomycotina	0.0014542938408359585	Saccharomycotina
13114.rohwer.85.s001	Ustilaginomycotina	0.004822132209087652	Ustilaginomycotina
13114.rohwer.85.s001	Wallemiomycotina	0.0035847067480254775	Wallemiomycotina
13114.rohwer.85.s005	Saccharomycotina	0.006987904572449142	Saccharomycotina
13114.rohwer.85.s006	Saccharomycotina	0.09583465514357543	Saccharomycotina
13114.rohwer.85.s006	Ustilaginomycotina	0.0004095109183801058	Ustilaginomycotina
13114.rohwer.85.s006	Wallemiomycotina	0.0004095109183801058	Wallemiomycotina
13114.rohwer.85.s019	Pezizomycotina	0.0001164730673987905	Pezizomycotina
13114.rohwer.85.s019	Saccharomycotina	0.020106163259716207	Saccharomycotina
13114.rohwer.85.s019	Taphrinomycotina	8.735480054909285e-05	Taphrinomycotina
13114.rohwer.85.s019	Ustilaginomycotina	0.000281476579547077	Ustilaginomycotina
13114.rohwer.85.s019	Wallemiomycotina	0.00019897482347293373	Wallemiomycotina
13114.rohwer.85.s022	Pezizomycotina	5.778756085511721e-05	Pezizomycotina
13114.rohwer.85.s022	Saccharomycotina	0.006151164811022476	Saccharomycotina
13114.rohwer.85.s022	Ustilaginomycotina	0.00048798384722098975	Ustilaginomycotina
13114.sandin.54.s004	Agaricomycotina	0.026638912815313	Agaricomycotina
13114.sandin.54.s013	Saccharomycotina	3.670557212608217e-05	Saccharomycotina
13114.sandin.54.s013	Ustilaginomycotina	3.670557212608217e-05	Ustilaginomycotina
13114.seedorf.71.s009	Pezizomycotina	0.0008397851456870775	Pezizomycotina
13114.seedorf.71.s009	Saccharomycotina	5.06171868633307e-05	Saccharomycotina
13114.seedorf.71.s011	Pezizomycotina	0.0020817144762516186	Pezizomycotina
13114.seedorf.71.s014	Pezizomycotina	0.0005393801443381266	Pezizomycotina
13114.shade.23.s008	Agaricomycotina	0.0009438294299340904	Agaricomycotina
13114.shade.23.s008	Pezizomycotina	0.004557636231179057	Pezizomycotina
13114.smith.39.s001	Pezizomycotina	0.06091367317783884	Pezizomycotina
13114.song.51.s007	Agaricomycotina	7.024957876947578e-05	Agaricomycotina
13114.song.51.s007	Pezizomycotina	0.0035349588036800213	Pezizomycotina
13114.song.51.s007	Saccharomycotina	0.08401287624199147	Saccharomycotina
13114.song.51.s007	Taphrinomycotina	7.867952822181287e-05	Taphrinomycotina
13114.song.51.s007	Ustilaginomycotina	0.006651230117893967	Ustilaginomycotina
13114.song.52.s003	Pezizomycotina	0.00012939652861702477	Pezizomycotina
13114.song.52.s003	Saccharomycotina	0.0012604180380102782	Saccharomycotina
13114.song.52.s007	Saccharomycotina	0.0038765666692845663	Saccharomycotina
13114.song.52.s009	Saccharomycotina	0.00042983571823737414	Saccharomycotina
13114.song.52.s014	Saccharomycotina	0.0002750241030532466	Saccharomycotina
13114.song.52.s014	Wallemiomycotina	0.0009522339912166173	Wallemiomycotina
13114.song.52.s015	Agaricomycotina	0.001138669594521097	Agaricomycotina
13114.song.52.s015	Saccharomycotina	0.004943165651509232	Saccharomycotina
13114.song.52.s015	Taphrinomycotina	6.028250794523454e-05	Taphrinomycotina
13114.song.52.s015	Wallemiomycotina	0.00849983362027807	Wallemiomycotina
13114.stegen.38.s003	Pezizomycotina	0.001221942128820779	Pezizomycotina
13114.stewart.26.s005	Saccharomycotina	5.270983918755162e-05	Saccharomycotina
13114.stewart.26.s006	Saccharomycotina	0.00010166507052505942	Saccharomycotina
13114.stewart.26.s006	Ustilaginomycotina	0.00025416267631264857	Ustilaginomycotina
13114.stewart.26.s007	Ustilaginomycotina	0.009463541765245227	Ustilaginomycotina
13114.tait.77.s003	Pezizomycotina	0.05096918528150333	Pezizomycotina
13114.tait.77.s009	Saccharomycotina	0.006992388191759932	Saccharomycotina
13114.thomas.18.s008	Ustilaginomycotina	4.4999494205685124e-05	Ustilaginomycotina
13114.thomas.18.s022	Saccharomycotina	0.0001812834140581662	Saccharomycotina
13114.thomas.18.s027	Saccharomycotina	0.00010963966558440135	Saccharomycotina
13114.thomas.19.s024	Saccharomycotina	0.006645431205633116	Saccharomycotina
13114.tucker.58.s008	Saccharomycotina	0.22591302025679572	Saccharomycotina
13114.tucker.58.s016	Agaricomycotina	0.0013712119020859676	Agaricomycotina
13114.tucker.58.s016	Saccharomycotina	0.02613638248626475	Saccharomycotina
13114.tucker.58.s016	Ustilaginomycotina	0.0019005247031951406	Ustilaginomycotina
13114.uren.82.s002	Ustilaginomycotina	0.00623897147663977	Ustilaginomycotina
13114.zaneveld.9.s003	Saccharomycotina	0.19470527143521923	Saccharomycotina
13114.zaneveld.9.s008	Saccharomycotina	0.04178398581148107	Saccharomycotina
13114.zaneveld.9.s016	Pezizomycotina	0.002339964586398972	Pezizomycotina
13114.zaneveld.9.s016	Ustilaginomycotina	0.0776248526036006	Ustilaginomycotina
13114.angenent.65.s001	Agaricomycotina	6.610697563010414e-05	Agaricomycotina
13114.angenent.65.s001	Saccharomycotina	0.24663961716128274	Saccharomycotina
13114.angenent.65.s001	Wallemiomycotina	0.00012119612198852426	Wallemiomycotina
13114.angenent.65.s002	Saccharomycotina	0.15602624556698882	Saccharomycotina
13114.angenent.65.s002	Ustilaginomycotina	0.0001990525628813681	Ustilaginomycotina
13114.angenent.65.s002	Wallemiomycotina	6.635085429378937e-05	Wallemiomycotina
13114.angenent.65.s006	Saccharomycotina	0.14055799630846857	Saccharomycotina
13114.berry.2.s006	Pezizomycotina	0.0020874036690592492	Pezizomycotina
13114.berry.2.s006	Saccharomycotina	0.01375982418583954	Saccharomycotina
13114.berry.2.s006	Ustilaginomycotina	0.00018865747446308084	Ustilaginomycotina
13114.berry.2.s013	Saccharomycotina	0.0012539986439518112	Saccharomycotina
13114.berry.2.s016	Saccharomycotina	0.00041002106929442897	Saccharomycotina
13114.berry.2.s017	Saccharomycotina	0.009759332623605996	Saccharomycotina
13114.berry.2.s019	Saccharomycotina	2.3905372971629102e-05	Saccharomycotina
13114.bittleston.68.s001	Pezizomycotina	0.0009224735489579774	Pezizomycotina
13114.bittleston.68.s001	Saccharomycotina	0.0028383801506399304	Saccharomycotina
13114.bittleston.68.s005	Saccharomycotina	0.0004138208316971076	Saccharomycotina
13114.bittleston.68.s005	Ustilaginomycotina	0.00021235542679193676	Ustilaginomycotina
13114.bittleston.68.s008	Agaricomycotina	6.724730982740978e-05	Agaricomycotina
13114.bittleston.68.s008	Pezizomycotina	0.0021799336269052003	Pezizomycotina
13114.bittleston.68.s008	Saccharomycotina	0.07141664303670918	Saccharomycotina
13114.bittleston.68.s008	Ustilaginomycotina	0.0019109443875955615	Ustilaginomycotina
13114.bittleston.68.s012	Saccharomycotina	0.019065395973288466	Saccharomycotina
13114.bittleston.68.s012	Ustilaginomycotina	0.0005411575276260918	Ustilaginomycotina
13114.bittleston.68.s012	Wallemiomycotina	0.0006660400340013437	Wallemiomycotina
13114.distel.72.s005	Saccharomycotina	0.054807373785588136	Saccharomycotina
13114.distel.72.s005	Ustilaginomycotina	0.050665125836117715	Ustilaginomycotina
13114.distel.72.s015	Pezizomycotina	0.00015378370645442358	Pezizomycotina
13114.distel.72.s015	Saccharomycotina	0.05371502988867274	Saccharomycotina
13114.distel.72.s015	Wallemiomycotina	0.0007082144376190559	Wallemiomycotina
13114.girguis.50.s008	Saccharomycotina	0.004422165299411199	Saccharomycotina
13114.jensen.43.s004	Saccharomycotina	0.011428480969923467	Saccharomycotina
13114.jensen.43.s007	Saccharomycotina	0.01850346376146889	Saccharomycotina
13114.jensen.43.s008	Saccharomycotina	0.00019052530366557983	Saccharomycotina
13114.jensen.43.s009	Saccharomycotina	0.0013805695875114465	Saccharomycotina
13114.jensen.43.s010	Saccharomycotina	0.006551893982521577	Saccharomycotina
13114.jensen.43.s011	Saccharomycotina	0.0122343080085175	Saccharomycotina
13114.jensen.43.s019	Saccharomycotina	0.034703672094080096	Saccharomycotina
13114.king.27.s001	Ustilaginomycotina	0.004349972191585716	Ustilaginomycotina
13114.king.27.s020	Ustilaginomycotina	0.006419495011781129	Ustilaginomycotina
13114.macrae.crerar.3.s002	Pezizomycotina	0.001335233512767279	Pezizomycotina
13114.macrae.crerar.3.s006	Pezizomycotina	0.0006784244957490494	Pezizomycotina
13114.macrae.crerar.3.s010	Pezizomycotina	0.0004482888610406415	Pezizomycotina
13114.makhalanyane.46.s002	Ustilaginomycotina	0.26666666666666666	Ustilaginomycotina
13114.makhalanyane.46.s005	Pezizomycotina	0.0009624083306065098	Pezizomycotina
13114.makhalanyane.46.s009	Pezizomycotina	0.0012842575706983792	Pezizomycotina
13114.mayer.33.s004	Agaricomycotina	0.00012613836495667193	Agaricomycotina
13114.mayer.34.s007	Agaricomycotina	0.0005621778976182055	Agaricomycotina
13114.mayer.34.s007	Pezizomycotina	0.000386142394323616	Pezizomycotina
13114.mayer.34.s007	Wallemiomycotina	0.0002384997141410569	Wallemiomycotina
13114.mayer.34.s008	Saccharomycotina	0.006604912504064029	Saccharomycotina
13114.mayer.34.s008	Wallemiomycotina	0.001573916955895062	Wallemiomycotina
13114.mcmahon.21.s009	Saccharomycotina	8.725796995100779e-05	Saccharomycotina
13114.metcalf.40.s003	Pezizomycotina	0.004527351570071376	Pezizomycotina
13114.metcalf.40.s004	Agaricomycotina	0.0013724271680547928	Agaricomycotina
13114.metcalf.40.s004	Pezizomycotina	0.00031595445595506024	Pezizomycotina
13114.metcalf.40.s004	Wallemiomycotina	0.01248020101022488	Wallemiomycotina
13114.metcalf.40.s005	Agaricomycotina	0.00032906826045742366	Agaricomycotina
13114.metcalf.40.s005	Pezizomycotina	0.0003186216490143309	Pezizomycotina
13114.metcalf.40.s005	Wallemiomycotina	0.00011491272587402098	Wallemiomycotina
13114.metcalf.40.s013	Agaricomycotina	0.0007627254945418147	Agaricomycotina
13114.metcalf.40.s013	Pezizomycotina	0.012728672564708691	Pezizomycotina
13114.metcalf.40.s013	Pucciniomycotina	0.0028740380953749542	Pucciniomycotina
13114.metcalf.40.s013	Saccharomycotina	3.4609885254029042	Saccharomycotina
13114.metcalf.40.s013	Wallemiomycotina	0.00292378106241029	Wallemiomycotina
13114.metcalf.81.s001	Agaricomycotina	0.0023130487646126547	Agaricomycotina
13114.metcalf.81.s002	Saccharomycotina	0.0007615726366853371	Saccharomycotina
13114.metcalf.81.s002	Wallemiomycotina	0.013683740601088155	Wallemiomycotina
13114.metcalf.81.s003	Agaricomycotina	0.0010985147175875004	Agaricomycotina
13114.metcalf.81.s003	Wallemiomycotina	0.0007817145930397943	Wallemiomycotina
13114.minich.76.s004	Agaricomycotina	0.002910708550861007	Agaricomycotina
13114.minich.76.s004	Pezizomycotina	0.0018178402845525992	Pezizomycotina
13114.minich.76.s004	Saccharomycotina	0.3021943063511011	Saccharomycotina
13114.minich.76.s004	Wallemiomycotina	0.0002921529028745249	Wallemiomycotina
13114.mousseau.88.s011	Agaricomycotina	0.0016371857904762302	Agaricomycotina
13114.mousseau.88.s011	Pezizomycotina	7.276381291005468e-06	Pezizomycotina
13114.mousseau.88.s011	Saccharomycotina	0.0011146093159403831	Saccharomycotina
13114.mousseau.88.s011	Ustilaginomycotina	2.1167654664743178e-05	Ustilaginomycotina
13114.mousseau.88.s011	Wallemiomycotina	0.00012369848194709296	Wallemiomycotina
13114.mousseau.88.s016	Agaricomycotina	4.702219100346811e-05	Agaricomycotina
13114.mousseau.88.s016	Pezizomycotina	0.00011811526549680681	Pezizomycotina
13114.mousseau.88.s016	Saccharomycotina	3.5266643252601084e-05	Saccharomycotina
13114.mousseau.88.s016	Ustilaginomycotina	0.00019088770395455504	Ustilaginomycotina
13114.mousseau.88.s019	Agaricomycotina	0.0004498803678125913	Agaricomycotina
13114.mousseau.88.s019	Saccharomycotina	0.00015915767679058784	Saccharomycotina
13114.mousseau.88.s036	Pezizomycotina	0.0007721595307329146	Pezizomycotina
13114.mousseau.88.s049	Saccharomycotina	0.00029507442984243296	Saccharomycotina
13114.mousseau.88.s053	Agaricomycotina	0.0008600888695289883	Agaricomycotina
13114.mousseau.88.s053	Pezizomycotina	0.022518074733731384	Pezizomycotina
13114.mousseau.88.s053	Saccharomycotina	0.000386024138292538	Saccharomycotina
13114.mousseau.88.s055	Agaricomycotina	0.00020599043354677804	Agaricomycotina
13114.mousseau.88.s066	Agaricomycotina	0.011621518100342525	Agaricomycotina
13114.mousseau.88.s085	Agaricomycotina	0.0009050756643255376	Agaricomycotina
13114.mousseau.88.s085	Pezizomycotina	0.005773758548283602	Pezizomycotina
13114.mousseau.88.s104	Saccharomycotina	0.013248063764773345	Saccharomycotina
13114.myrold.5.s001	Agaricomycotina	0.0038799841241396265	Agaricomycotina
13114.myrold.5.s001	Pezizomycotina	0.0005380244652140281	Pezizomycotina
13114.myrold.5.s005	Agaricomycotina	0.007187873965634228	Agaricomycotina
13114.myrold.5.s005	Pezizomycotina	0.0001137321830005416	Pezizomycotina
13114.myrold.5.s006	Agaricomycotina	0.003944823593499401	Agaricomycotina
13114.myrold.5.s006	Pezizomycotina	0.00011744658684674222	Pezizomycotina
13114.myrold.5.s012	Agaricomycotina	0.00014228727308898817	Agaricomycotina
13114.myrold.5.s012	Pezizomycotina	0.0004268618192669644	Pezizomycotina
13114.myrold.59.s001	Agaricomycotina	0.004467906907109733	Agaricomycotina
13114.myrold.59.s001	Pezizomycotina	0.002906752300678116	Pezizomycotina
13114.myrold.59.s017	Agaricomycotina	0.0006321483963908778	Agaricomycotina
13114.myrold.59.s017	Pezizomycotina	0.004896924197394124	Pezizomycotina
13114.myrold.59.s020	Agaricomycotina	0.0037843369106489943	Agaricomycotina
13114.myrold.59.s020	Pezizomycotina	0.0006271186880504047	Pezizomycotina
13114.myrold.59.s020	Pucciniomycotina	0.00030274695285191955	Pucciniomycotina
13114.myrold.59.s020	Wallemiomycotina	0.0006703682527435361	Wallemiomycotina
13114.palenik.42.s007	Ustilaginomycotina	0.03736829971492791	Ustilaginomycotina
13114.palenik.42.s014	Ustilaginomycotina	0.12889877297219549	Ustilaginomycotina
13114.palenik.42.s015	Saccharomycotina	0.09766400874847475	Saccharomycotina
13114.palenik.42.s018	Saccharomycotina	0.020848622252844715	Saccharomycotina
13114.palenik.42.s018	Ustilaginomycotina	0.018336182308365853	Ustilaginomycotina
13114.pinto.63.s009	Saccharomycotina	0.01021528904259473	Saccharomycotina
13114.pinto.63.s009	Ustilaginomycotina	4.695485259619641e-05	Ustilaginomycotina
13114.pinto.63.s009	Wallemiomycotina	0.005791098486864223	Wallemiomycotina
13114.pinto.63.s013	Saccharomycotina	0.005394349648471051	Saccharomycotina
13114.pinto.63.s013	Wallemiomycotina	0.005468089443876017	Wallemiomycotina
13114.pinto.63.s014	Agaricomycotina	0.0006702086352274919	Agaricomycotina
13114.pinto.63.s014	Saccharomycotina	0.021720525016942587	Saccharomycotina
13114.pinto.63.s026	Saccharomycotina	0.006067463050934568	Saccharomycotina
13114.pinto.63.s026	Wallemiomycotina	0.0013384109671179195	Wallemiomycotina
13114.pinto.63.s028	Pezizomycotina	0.05835452494752614	Pezizomycotina
13114.pinto.63.s028	Saccharomycotina	0.003182757757867926	Saccharomycotina
13114.rohwer.85.s010	Saccharomycotina	0.13162173461961318	Saccharomycotina
13114.rohwer.85.s011	Pezizomycotina	0.0545520644496002	Pezizomycotina
13114.rohwer.85.s011	Saccharomycotina	0.033677757698456545	Saccharomycotina
13114.rohwer.85.s011	Ustilaginomycotina	0.00040710495857910594	Ustilaginomycotina
13114.rohwer.85.s024	Pezizomycotina	0.020703041791423436	Pezizomycotina
13114.rohwer.85.s024	Saccharomycotina	0.001555719903401761	Saccharomycotina
13114.rohwer.85.s024	Ustilaginomycotina	0.0010172014753011514	Ustilaginomycotina
13114.roy.chowdhury.45.s001	Agaricomycotina	0.0006433847183261703	Agaricomycotina
13114.roy.chowdhury.45.s007	Saccharomycotina	0.014613513539352007	Saccharomycotina
13114.roy.chowdhury.45.s021	Agaricomycotina	0.00016917065258750417	Agaricomycotina
13114.roy.chowdhury.45.s021	Pezizomycotina	0.0029019273482318022	Pezizomycotina
13114.sandin.54.s001	Agaricomycotina	0.0007936130025554339	Agaricomycotina
13114.sandin.54.s005	Pezizomycotina	0.005952833714204454	Pezizomycotina
13114.sandin.54.s005	Saccharomycotina	0.05671727677700354	Saccharomycotina
13114.sandin.54.s007	Saccharomycotina	3.972587556822899e-05	Saccharomycotina
13114.schmidt.56.s002	Saccharomycotina	9.838355813976369e-05	Saccharomycotina
13114.schmidt.56.s012	Pezizomycotina	0.0004698209113870779	Pezizomycotina
13114.schmidt.56.s012	Ustilaginomycotina	0.00011389597851807949	Ustilaginomycotina
13114.schmidt.56.s014	Pezizomycotina	0.00022599269875702726	Pezizomycotina
13114.schmidt.56.s024	Wallemiomycotina	0.0005972701341895343	Wallemiomycotina
13114.seedorf.71.s003	Pezizomycotina	0.0002014993208880241	Pezizomycotina
13114.seedorf.71.s008	Pezizomycotina	0.03277705980408683	Pezizomycotina
13114.seedorf.71.s010	Pezizomycotina	0.0006780239259212568	Pezizomycotina
13114.seedorf.71.s010	Saccharomycotina	8.183047381808272e-05	Saccharomycotina
13114.shade.23.s002	Agaricomycotina	0.002243318986590972	Agaricomycotina
13114.shade.23.s002	Pezizomycotina	0.0003744697840331264	Pezizomycotina
13114.shade.23.s002	Saccharomycotina	3.616374861379102e-05	Saccharomycotina
13114.shade.23.s002	Wallemiomycotina	8.049350497908324e-05	Wallemiomycotina
13114.shade.23.s003	Pezizomycotina	0.0009638082135614726	Pezizomycotina
13114.smith.39.s005	Pezizomycotina	0.036077724518212916	Pezizomycotina
13114.smith.39.s005	Saccharomycotina	0.004355493021937111	Saccharomycotina
13114.smith.39.s005	Ustilaginomycotina	0.003510891713500637	Ustilaginomycotina
13114.song.51.s011	Agaricomycotina	0.04442994688408276	Agaricomycotina
13114.song.51.s011	Pezizomycotina	0.00010200526835035971	Pezizomycotina
13114.song.51.s011	Saccharomycotina	0.37238131964215665	Saccharomycotina
13114.song.51.s012	Agaricomycotina	0.0004952872998375237	Agaricomycotina
13114.song.51.s012	Pezizomycotina	0.00014388234408687836	Pezizomycotina
13114.song.51.s012	Saccharomycotina	0.0032843912005985506	Saccharomycotina
13114.song.51.s019	Saccharomycotina	8.430745783290233e-05	Saccharomycotina
13114.song.52.s006	Agaricomycotina	0.003693723741647064	Agaricomycotina
13114.song.52.s006	Saccharomycotina	0.0409509619773198	Saccharomycotina
13114.song.52.s006	Wallemiomycotina	0.00015238134247718912	Wallemiomycotina
13114.song.53.s009	Agaricomycotina	5.9615098692199735e-05	Agaricomycotina
13114.song.53.s009	Pezizomycotina	0.00011923019738439947	Pezizomycotina
13114.song.53.s009	Pucciniomycotina	0.0003755751217608583	Pucciniomycotina
13114.song.53.s009	Saccharomycotina	0.0027840251089257277	Saccharomycotina
13114.song.53.s009	Ustilaginomycotina	0.00033980606254553847	Ustilaginomycotina
13114.song.53.s015	Pezizomycotina	0.012296012832283007	Pezizomycotina
13114.song.53.s015	Saccharomycotina	0.07870434385070638	Saccharomycotina
13114.song.53.s015	Ustilaginomycotina	0.0006202505417719795	Ustilaginomycotina
13114.stegen.36.s004	Pezizomycotina	0.013676372145415365	Pezizomycotina
13114.stegen.36.s004	Saccharomycotina	0.006280272173058821	Saccharomycotina
13114.stegen.36.s004	Ustilaginomycotina	0.0015689992426906655	Ustilaginomycotina
13114.stegen.36.s012	Pezizomycotina	0.0007189694937866077	Pezizomycotina
13114.stegen.36.s015	Pezizomycotina	0.030390319556319857	Pezizomycotina
13114.stegen.38.s001	Pezizomycotina	0.0005075006630948587	Pezizomycotina
13114.stegen.38.s002	Pezizomycotina	0.00021266605751710713	Pezizomycotina
13114.stegen.38.s002	Saccharomycotina	5.239598518537422e-05	Saccharomycotina
13114.stegen.38.s002	Ustilaginomycotina	0.0002034197071902764	Ustilaginomycotina
13114.stegen.38.s006	Pezizomycotina	0.0010097166750250885	Pezizomycotina
13114.stegen.38.s012	Pezizomycotina	0.00633942924477954	Pezizomycotina
13114.stegen.38.s013	Agaricomycotina	0.00015763237967244891	Agaricomycotina
13114.stegen.38.s013	Pezizomycotina	0.011698574462833887	Pezizomycotina
13114.stewart.26.s003	Ustilaginomycotina	0.02678921790576232	Ustilaginomycotina
13114.tait.77.s002	Saccharomycotina	0.010906165626260034	Saccharomycotina
13114.tait.77.s002	Ustilaginomycotina	0.006754821739433872	Ustilaginomycotina
13114.tait.77.s006	Saccharomycotina	0.034234461105351346	Saccharomycotina
13114.tait.77.s007	Pezizomycotina	0.0011050301796673271	Pezizomycotina
13114.tait.77.s007	Saccharomycotina	0.08905485240499826	Saccharomycotina
13114.tait.78.s002	Saccharomycotina	0.02805633646941433	Saccharomycotina
13114.thomas.18.s002	Saccharomycotina	0.013273263509234459	Saccharomycotina
13114.thomas.18.s013	Saccharomycotina	0.0006707070987408052	Saccharomycotina
13114.thomas.18.s013	Wallemiomycotina	0.0019427378032492288	Wallemiomycotina
13114.thomas.18.s024	Saccharomycotina	0.07950436792626608	Saccharomycotina
13114.thomas.18.s024	Ustilaginomycotina	0.05366175509292541	Ustilaginomycotina
13114.thomas.18.s040	Saccharomycotina	0.13077928857181217	Saccharomycotina
13114.tucker.58.s001	Ustilaginomycotina	0.05682150489258801	Ustilaginomycotina
13114.tucker.58.s005	Saccharomycotina	0.20161290322580644	Saccharomycotina
13114.tucker.58.s005	Ustilaginomycotina	0.08064516129032258	Ustilaginomycotina
13114.tucker.58.s012	Pezizomycotina	0.002569242369041237	Pezizomycotina
13114.tucker.58.s012	Saccharomycotina	0.000684788046257484	Saccharomycotina
13114.tucker.58.s012	Ustilaginomycotina	0.006811838986456024	Ustilaginomycotina
13114.tucker.58.s012	Wallemiomycotina	0.008825012866806975	Wallemiomycotina
13114.uren.82.s008	Pezizomycotina	0.0020504873615811966	Pezizomycotina
13114.uren.82.s009	Ustilaginomycotina	0.0008832495508045141	Ustilaginomycotina
13114.uren.82.s012	Pezizomycotina	0.0001919569232327506	Pezizomycotina
13114.uren.82.s012	Saccharomycotina	0.0006412178073945074	Saccharomycotina
13114.uren.82.s012	Ustilaginomycotina	0.00014294664496055897	Ustilaginomycotina
13114.zaneveld.9.s010	Saccharomycotina	0.1385477029071005	Saccharomycotina
13114.zaneveld.9.s019	Saccharomycotina	0.08551202451285009	Saccharomycotina
13114.angenent.65.s005	Saccharomycotina	0.051987196571844044	Saccharomycotina
13114.angenent.65.s005	Wallemiomycotina	0.002125385764035761	Wallemiomycotina
13114.berry.2.s002	Saccharomycotina	8.819373411741091e-06	Saccharomycotina
13114.berry.2.s002	Wallemiomycotina	8.819373411741091e-06	Wallemiomycotina
13114.berry.2.s004	Saccharomycotina	0.005035755956818706	Saccharomycotina
13114.berry.2.s007	Pezizomycotina	4.528763991616352e-05	Pezizomycotina
13114.berry.2.s007	Wallemiomycotina	2.264381995808176e-05	Wallemiomycotina
13114.berry.2.s009	Saccharomycotina	1.6662113744086094e-05	Saccharomycotina
13114.berry.2.s009	Ustilaginomycotina	8.331056872043047e-06	Ustilaginomycotina
13114.berry.2.s011	Saccharomycotina	1.2987859727997853e-05	Saccharomycotina
13114.berry.2.s012	Ustilaginomycotina	3.3229369711961176e-05	Ustilaginomycotina
13114.berry.2.s014	Saccharomycotina	0.0004848157704079192	Saccharomycotina
13114.berry.2.s015	Saccharomycotina	0.0002066252924116861	Saccharomycotina
13114.berry.2.s015	Ustilaginomycotina	0.0003615942617204507	Ustilaginomycotina
13114.berry.2.s015	Wallemiomycotina	0.009593317147685427	Wallemiomycotina
13114.berry.2.s018	Agaricomycotina	0.00117572486650383	Agaricomycotina
13114.berry.2.s020	Ustilaginomycotina	0.002914883802312819	Ustilaginomycotina
13114.bittleston.68.s002	Pezizomycotina	0.018556749212651977	Pezizomycotina
13114.bittleston.68.s002	Saccharomycotina	0.011648352612726	Saccharomycotina
13114.bittleston.68.s002	Ustilaginomycotina	0.0007959452508038792	Ustilaginomycotina
13114.bittleston.68.s004	Saccharomycotina	0.0013650655632960254	Saccharomycotina
13114.bittleston.68.s004	Ustilaginomycotina	0.0033897216298653405	Ustilaginomycotina
13114.bittleston.68.s007	Pezizomycotina	0.006865641114662505	Pezizomycotina
13114.bittleston.68.s007	Saccharomycotina	0.13295248990038863	Saccharomycotina
13114.bittleston.68.s007	Ustilaginomycotina	0.000711891002916152	Ustilaginomycotina
13114.bittleston.68.s009	Saccharomycotina	0.006789299902659919	Saccharomycotina
13114.bittleston.68.s011	Saccharomycotina	0.0502461114392597	Saccharomycotina
13114.bowen.74.s007	Saccharomycotina	0.018502693240381167	Saccharomycotina
13114.bowen.74.s010	Ustilaginomycotina	0.0388958757406423	Ustilaginomycotina
13114.bowen.74.s011	Saccharomycotina	0.00029299692806394114	Saccharomycotina
13114.distel.72.s001	Pezizomycotina	0.002364291837676479	Pezizomycotina
13114.distel.72.s001	Saccharomycotina	0.016632136330321342	Saccharomycotina
13114.distel.72.s001	Ustilaginomycotina	0.00032290096857155617	Ustilaginomycotina
13114.distel.72.s002	Saccharomycotina	0.005017673659807093	Saccharomycotina
13114.distel.72.s003	Saccharomycotina	0.09817441288826616	Saccharomycotina
13114.distel.72.s004	Saccharomycotina	0.07949278783615814	Saccharomycotina
13114.distel.72.s006	Saccharomycotina	0.06623085138092538	Saccharomycotina
13114.distel.72.s010	Saccharomycotina	0.041220388773350956	Saccharomycotina
13114.distel.72.s013	Wallemiomycotina	0.0012819507712671645	Wallemiomycotina
13114.girguis.50.s003	Pezizomycotina	0.0004944953039643367	Pezizomycotina
13114.girguis.50.s003	Saccharomycotina	0.014096327171450899	Saccharomycotina
13114.jensen.43.s012	Saccharomycotina	0.021295958426962993	Saccharomycotina
13114.king.27.s010	Pezizomycotina	0.05180628570836055	Pezizomycotina
13114.king.27.s010	Ustilaginomycotina	0.00019441938594581143	Ustilaginomycotina
13114.king.27.s011	Pezizomycotina	0.0005478841100151293	Pezizomycotina
13114.king.27.s011	Saccharomycotina	0.00029797205983278963	Saccharomycotina
13114.king.27.s012	Pezizomycotina	0.0013359966523409101	Pezizomycotina
13114.king.27.s015	Ustilaginomycotina	0.0002515556621406213	Ustilaginomycotina
13114.king.27.s015	Wallemiomycotina	0.00015372846019704635	Wallemiomycotina
13114.macrae.crerar.3.s001	Pezizomycotina	0.0004309883678774736	Pezizomycotina
13114.macrae.crerar.3.s011	Pezizomycotina	0.0004915836256617293	Pezizomycotina
13114.macrae.crerar.3.s011	Saccharomycotina	0.003637718829896798	Saccharomycotina
13114.makhalanyane.46.s004	Pezizomycotina	0.002447620912473076	Pezizomycotina
13114.mayer.33.s001	Agaricomycotina	0.0004799108870335601	Agaricomycotina
13114.mayer.33.s001	Saccharomycotina	0.005927547983090188	Saccharomycotina
13114.mayer.33.s002	Ustilaginomycotina	5.2961994896158475e-05	Ustilaginomycotina
13114.mayer.33.s002	Wallemiomycotina	0.00032130276903669477	Wallemiomycotina
13114.mayer.33.s005	Pezizomycotina	4.750696251079413e-05	Pezizomycotina
13114.mayer.33.s006	Agaricomycotina	0.0009186176770692227	Agaricomycotina
13114.mayer.33.s006	Pezizomycotina	7.688870424808472e-05	Pezizomycotina
13114.mayer.33.s006	Saccharomycotina	0.0045607141940837625	Saccharomycotina
13114.mayer.33.s006	Ustilaginomycotina	0.0002468532083754299	Ustilaginomycotina
13114.mayer.33.s006	Wallemiomycotina	0.00032374191262351463	Wallemiomycotina
13114.mayer.34.s001	Agaricomycotina	0.000737475132825533	Agaricomycotina
13114.mayer.34.s001	Pezizomycotina	0.0008453134777198326	Pezizomycotina
13114.mayer.34.s001	Saccharomycotina	0.005381481275854243	Saccharomycotina
13114.mayer.34.s001	Ustilaginomycotina	0.0007792190082684877	Ustilaginomycotina
13114.mayer.34.s003	Agaricomycotina	0.000795737821542669	Agaricomycotina
13114.mayer.34.s003	Pezizomycotina	0.0005012114849976552	Pezizomycotina
13114.mayer.34.s009	Agaricomycotina	8.26621249826045e-05	Agaricomycotina
13114.mayer.34.s010	Agaricomycotina	8.781499604978876e-05	Agaricomycotina
13114.mayer.34.s010	Pezizomycotina	0.00018538721388288739	Pezizomycotina
13114.mayer.34.s010	Taphrinomycotina	0.00018538721388288739	Taphrinomycotina
13114.mayer.34.s010	Wallemiomycotina	0.0009562077347643665	Wallemiomycotina
13114.mcmahon.21.s008	Saccharomycotina	9.890377038975405e-05	Saccharomycotina
13114.mcmahon.21.s010	Saccharomycotina	9.492542251983602e-05	Saccharomycotina
13114.metcalf.40.s001	Agaricomycotina	0.0002143609536490106	Agaricomycotina
13114.metcalf.40.s001	Pezizomycotina	0.001379366136524068	Pezizomycotina
13114.metcalf.40.s007	Wallemiomycotina	0.005056278258707603	Wallemiomycotina
13114.metcalf.40.s008	Agaricomycotina	0.000652051650381083	Agaricomycotina
13114.metcalf.40.s008	Pezizomycotina	6.0273681967999274e-05	Pezizomycotina
13114.metcalf.40.s008	Wallemiomycotina	0.000263012430405815	Wallemiomycotina
13114.metcalf.40.s011	Wallemiomycotina	0.0008668216131756198	Wallemiomycotina
13114.metcalf.40.s012	Saccharomycotina	0.00032099716957535756	Saccharomycotina
13114.metcalf.40.s012	Wallemiomycotina	0.00011983894330813348	Wallemiomycotina
13114.minich.76.s001	Saccharomycotina	0.0058631237776676955	Saccharomycotina
13114.minich.76.s001	Taphrinomycotina	0.0013610400372058638	Taphrinomycotina
13114.minich.76.s002	Agaricomycotina	2.9219955749299015e-05	Agaricomycotina
13114.minich.76.s002	Saccharomycotina	0.017436196927956706	Saccharomycotina
13114.minich.76.s002	Wallemiomycotina	0.00021752633724478156	Wallemiomycotina
13114.mousseau.88.s002	Agaricomycotina	0.000773158462771631	Agaricomycotina
13114.mousseau.88.s007	Saccharomycotina	0.00040875347195199076	Saccharomycotina
13114.mousseau.88.s013	Ustilaginomycotina	0.029098818411616014	Ustilaginomycotina
13114.mousseau.88.s014	Agaricomycotina	0.00044486505778684477	Agaricomycotina
13114.mousseau.88.s021	Saccharomycotina	0.0019828029644473446	Saccharomycotina
13114.mousseau.88.s027	Saccharomycotina	0.0010143173093248837	Saccharomycotina
13114.mousseau.88.s029	Agaricomycotina	0.00017267352060195245	Agaricomycotina
13114.mousseau.88.s029	Pezizomycotina	0.0007469437898766277	Pezizomycotina
13114.mousseau.88.s029	Saccharomycotina	0.0012767375462689817	Saccharomycotina
13114.mousseau.88.s029	Ustilaginomycotina	3.793584922315622e-05	Ustilaginomycotina
13114.mousseau.88.s034	Pezizomycotina	0.004322221621913664	Pezizomycotina
13114.mousseau.88.s034	Ustilaginomycotina	0.0090046283789868	Ustilaginomycotina
13114.mousseau.88.s059	Pezizomycotina	0.005898220310325031	Pezizomycotina
13114.mousseau.88.s061	Agaricomycotina	0.001071395464643251	Agaricomycotina
13114.mousseau.88.s061	Saccharomycotina	0.00342380724570778	Saccharomycotina
13114.mousseau.88.s061	Ustilaginomycotina	0.0038430489492638346	Ustilaginomycotina
13114.mousseau.88.s063	Agaricomycotina	0.0009259487888589842	Agaricomycotina
13114.mousseau.88.s065	Agaricomycotina	0.00019502438194823118	Agaricomycotina
13114.mousseau.88.s065	Saccharomycotina	0.0001852731628508196	Saccharomycotina
13114.mousseau.88.s069	Saccharomycotina	0.00022037887536252324	Saccharomycotina
13114.mousseau.88.s084	Ustilaginomycotina	0.00629992254206845	Ustilaginomycotina
13114.mousseau.88.s087	Agaricomycotina	7.899582315227642e-05	Agaricomycotina
13114.mousseau.88.s087	Pezizomycotina	0.00022570235186364688	Pezizomycotina
13114.mousseau.88.s087	Saccharomycotina	0.0013316438759955166	Saccharomycotina
13114.mousseau.88.s088	Agaricomycotina	0.00020023688022931125	Agaricomycotina
13114.mousseau.88.s088	Ustilaginomycotina	0.005181129275933429	Ustilaginomycotina
13114.mousseau.88.s100	Agaricomycotina	0.0011137363288865629	Agaricomycotina
13114.mousseau.88.s100	Saccharomycotina	0.0006637418525687598	Saccharomycotina
13114.mousseau.88.s101	Saccharomycotina	0.0018513741049739697	Saccharomycotina
13114.mousseau.88.s111	Saccharomycotina	0.00037451149656666583	Saccharomycotina
13114.mousseau.88.s112	Ustilaginomycotina	0.03246838791008567	Ustilaginomycotina
13114.myrold.5.s002	Agaricomycotina	0.0030682677806810506	Agaricomycotina
13114.myrold.5.s002	Pezizomycotina	0.0007099265181034032	Pezizomycotina
13114.myrold.5.s010	Agaricomycotina	0.00014792539342439352	Agaricomycotina
13114.myrold.5.s010	Pezizomycotina	0.010976736580241928	Pezizomycotina
13114.myrold.5.s011	Agaricomycotina	0.00019945471181313573	Agaricomycotina
13114.myrold.5.s011	Pezizomycotina	0.002057532816598663	Pezizomycotina
13114.myrold.59.s002	Agaricomycotina	0.00011966793007400942	Agaricomycotina
13114.myrold.59.s002	Pezizomycotina	0.002181117367009304	Pezizomycotina
13114.myrold.59.s003	Agaricomycotina	0.0017174041738982854	Agaricomycotina
13114.myrold.59.s003	Pezizomycotina	0.009900329943648938	Pezizomycotina
13114.myrold.59.s003	Saccharomycotina	0.0007879854444945073	Saccharomycotina
13114.myrold.59.s004	Agaricomycotina	5.128447085708659e-05	Agaricomycotina
13114.myrold.59.s004	Pezizomycotina	0.012968937659683249	Pezizomycotina
13114.myrold.59.s004	Wallemiomycotina	0.00017497054763006013	Wallemiomycotina
13114.myrold.59.s009	Pezizomycotina	0.0141017713994381	Pezizomycotina
13114.myrold.59.s010	Agaricomycotina	0.000464356718562007	Agaricomycotina
13114.myrold.59.s010	Pezizomycotina	0.0317175828200397	Pezizomycotina
13114.myrold.59.s010	Saccharomycotina	0.0016959114938786344	Saccharomycotina
13114.myrold.59.s011	Agaricomycotina	0.004119448529663452	Agaricomycotina
13114.myrold.59.s011	Pezizomycotina	0.0026312084539179856	Pezizomycotina
13114.myrold.59.s013	Ustilaginomycotina	0.002810804733395171	Ustilaginomycotina
13114.palenik.42.s001	Saccharomycotina	0.0031336855620056744	Saccharomycotina
13114.palenik.42.s002	Wallemiomycotina	0.014108243622408225	Wallemiomycotina
13114.palenik.42.s003	Pezizomycotina	0.0022753696983367723	Pezizomycotina
13114.palenik.42.s003	Saccharomycotina	0.007847174768295839	Saccharomycotina
13114.palenik.42.s003	Wallemiomycotina	0.008209989982153637	Wallemiomycotina
13114.palenik.42.s012	Saccharomycotina	0.014347085309050584	Saccharomycotina
13114.palenik.42.s012	Ustilaginomycotina	0.05021156288359201	Ustilaginomycotina
13114.palenik.42.s013	Saccharomycotina	0.14957537147982725	Saccharomycotina
13114.palenik.42.s013	Ustilaginomycotina	0.021734696773588878	Ustilaginomycotina
13114.pinto.63.s006	Saccharomycotina	0.00010815472181884515	Saccharomycotina
13114.pinto.63.s010	Agaricomycotina	0.0009654704422209289	Agaricomycotina
13114.pinto.63.s010	Saccharomycotina	0.0010245808774589447	Saccharomycotina
13114.pinto.63.s010	Wallemiomycotina	0.0026599695857107224	Wallemiomycotina
13114.pinto.63.s012	Saccharomycotina	8.201179862740954e-05	Saccharomycotina
13114.pinto.63.s017	Pezizomycotina	5.345039682910866e-05	Pezizomycotina
13114.pinto.63.s017	Saccharomycotina	0.00711781117774297	Saccharomycotina
13114.pinto.63.s017	Wallemiomycotina	7.126719577214488e-05	Wallemiomycotina
13114.pinto.63.s018	Agaricomycotina	0.0005530079267637778	Agaricomycotina
13114.pinto.63.s018	Saccharomycotina	0.004229646564857331	Saccharomycotina
13114.pinto.63.s019	Pucciniomycotina	0.0001330951655843005	Pucciniomycotina
13114.pinto.63.s019	Saccharomycotina	0.01594722074910073	Saccharomycotina
13114.pinto.63.s019	Ustilaginomycotina	0.0063038710244927776	Ustilaginomycotina
13114.pinto.63.s019	Wallemiomycotina	0.002002477264018339	Wallemiomycotina
13114.pinto.63.s022	Saccharomycotina	0.01148360710402537	Saccharomycotina
13114.pinto.63.s024	Pezizomycotina	0.013614079117281888	Pezizomycotina
13114.pinto.63.s024	Saccharomycotina	0.011577835387240156	Saccharomycotina
13114.pinto.63.s024	Ustilaginomycotina	0.0005926818926058063	Ustilaginomycotina
13114.rohwer.85.s002	Pezizomycotina	0.0007699863503283896	Pezizomycotina
13114.rohwer.85.s002	Saccharomycotina	0.045562278729925576	Saccharomycotina
13114.rohwer.85.s002	Ustilaginomycotina	0.002371748079097941	Ustilaginomycotina
13114.rohwer.85.s002	Wallemiomycotina	0.0038832027667795948	Wallemiomycotina
13114.rohwer.85.s003	Pezizomycotina	0.001655288709620165	Pezizomycotina
13114.rohwer.85.s003	Saccharomycotina	0.06122654597028575	Saccharomycotina
13114.rohwer.85.s003	Ustilaginomycotina	0.0005884407840557233	Ustilaginomycotina
13114.rohwer.85.s003	Wallemiomycotina	6.697699981122054e-05	Wallemiomycotina
13114.rohwer.85.s004	Saccharomycotina	0.044670266547502314	Saccharomycotina
13114.rohwer.85.s004	Ustilaginomycotina	0.0017621514527165665	Ustilaginomycotina
13114.rohwer.85.s007	Pezizomycotina	0.00010572754971597734	Pezizomycotina
13114.rohwer.85.s007	Saccharomycotina	0.04389615632298805	Saccharomycotina
13114.rohwer.85.s008	Pezizomycotina	0.03712891893241871	Pezizomycotina
13114.rohwer.85.s008	Saccharomycotina	0.21311666472419707	Saccharomycotina
13114.rohwer.85.s016	Pezizomycotina	0.000102306112780008	Pezizomycotina
13114.rohwer.85.s016	Saccharomycotina	0.06329167667135195	Saccharomycotina
13114.rohwer.85.s016	Ustilaginomycotina	0.0014885539409491162	Ustilaginomycotina
13114.rohwer.85.s020	Pezizomycotina	0.0012762061474021415	Pezizomycotina
13114.rohwer.85.s020	Saccharomycotina	0.0097041389519994	Saccharomycotina
13114.rohwer.85.s020	Ustilaginomycotina	0.001690558792662577	Ustilaginomycotina
13114.rohwer.85.s021	Pezizomycotina	0.06883931233059412	Pezizomycotina
13114.rohwer.85.s021	Wallemiomycotina	0.004480155495858441	Wallemiomycotina
13114.rohwer.85.s026	Pezizomycotina	1.1689907315734853	Pezizomycotina
13114.rohwer.85.s027	Pezizomycotina	0.12408170158468047	Pezizomycotina
13114.rohwer.85.s027	Saccharomycotina	0.0038702232063274633	Saccharomycotina
13114.rohwer.85.s027	Wallemiomycotina	0.0018764718576133154	Wallemiomycotina
13114.rohwer.86.s003	Pezizomycotina	8.699445888794113e-05	Pezizomycotina
13114.roy.chowdhury.45.s013	Pezizomycotina	6.175177687650373e-06	Pezizomycotina
13114.roy.chowdhury.45.s013	Saccharomycotina	6.175177687650373e-06	Saccharomycotina
13114.roy.chowdhury.45.s024	Agaricomycotina	0.00012086008873547716	Agaricomycotina
13114.sandin.54.s006	Saccharomycotina	0.15830861672633129	Saccharomycotina
13114.sandin.54.s008	Agaricomycotina	0.00447457678126269	Agaricomycotina
13114.sandin.54.s012	Ustilaginomycotina	0.04077372921209218	Ustilaginomycotina
13114.sandin.54.s015	Saccharomycotina	1.2953368994246028e-05	Saccharomycotina
13114.sandin.54.s015	Ustilaginomycotina	8.635579329497351e-06	Ustilaginomycotina
13114.schmidt.56.s003	Saccharomycotina	5.877250105202777e-05	Saccharomycotina
13114.schmidt.56.s020	Saccharomycotina	0.014483452598023826	Saccharomycotina
13114.schmidt.56.s022	Saccharomycotina	0.004329719545805243	Saccharomycotina
13114.schmidt.56.s023	Agaricomycotina	0.00018814952619145486	Agaricomycotina
13114.schmidt.56.s023	Wallemiomycotina	0.0002481972473163873	Wallemiomycotina
13114.schmidt.56.s026	Wallemiomycotina	0.0012524480188110798	Wallemiomycotina
13114.seedorf.71.s006	Saccharomycotina	7.72562387384175e-05	Saccharomycotina
13114.shade.23.s007	Pezizomycotina	0.000517134848210707	Pezizomycotina
13114.shade.23.s007	Saccharomycotina	0.00016599390189479484	Saccharomycotina
13114.shade.23.s009	Pezizomycotina	0.00012195828416890004	Pezizomycotina
13114.shade.23.s009	Pucciniomycotina	0.00010671349864778752	Pucciniomycotina
13114.smith.39.s003	Pezizomycotina	0.038838115234260784	Pezizomycotina
13114.smith.39.s003	Saccharomycotina	0.008517767328635387	Saccharomycotina
13114.smith.39.s003	Ustilaginomycotina	0.017483201406076895	Ustilaginomycotina
13114.smith.39.s007	Pezizomycotina	0.02065903367753745	Pezizomycotina
13114.smith.39.s007	Ustilaginomycotina	0.004984991700837156	Ustilaginomycotina
13114.song.51.s005	Saccharomycotina	0.0008420453277450481	Saccharomycotina
13114.song.51.s008	Pezizomycotina	0.0014896870590018457	Pezizomycotina
13114.song.52.s001	Pezizomycotina	0.002966262704240329	Pezizomycotina
13114.song.52.s001	Saccharomycotina	0.015452100990105948	Saccharomycotina
13114.song.52.s001	Taphrinomycotina	2.50317527783994e-05	Taphrinomycotina
13114.song.52.s001	Ustilaginomycotina	0.003381789800361759	Ustilaginomycotina
13114.song.52.s010	Agaricomycotina	0.0020151158880552748	Agaricomycotina
13114.song.52.s010	Pezizomycotina	0.00014693553350403045	Pezizomycotina
13114.song.52.s010	Pucciniomycotina	0.0008516263574519316	Pucciniomycotina
13114.song.52.s010	Saccharomycotina	0.006908968759046655	Saccharomycotina
13114.song.52.s010	Taphrinomycotina	0.00023389737986355863	Taphrinomycotina
13114.song.52.s010	Ustilaginomycotina	5.697500278727711e-05	Ustilaginomycotina
13114.song.52.s013	Agaricomycotina	8.543544395332354e-05	Agaricomycotina
13114.song.52.s013	Saccharomycotina	0.008150541353147066	Saccharomycotina
13114.song.52.s013	Wallemiomycotina	0.0004613513973479471	Wallemiomycotina
13114.song.53.s005	Agaricomycotina	0.0030122119030263866	Agaricomycotina
13114.song.53.s005	Pezizomycotina	0.00013670445256301286	Pezizomycotina
13114.song.53.s005	Saccharomycotina	0.0694529328219707	Saccharomycotina
13114.song.53.s005	Ustilaginomycotina	0.0002734089051260257	Ustilaginomycotina
13114.song.53.s005	Wallemiomycotina	0.00031583442488696076	Wallemiomycotina
13114.song.53.s006	Pezizomycotina	0.004434021309645119	Pezizomycotina
13114.song.53.s006	Saccharomycotina	0.0408740509181357	Saccharomycotina
13114.song.53.s006	Ustilaginomycotina	0.06673961960416536	Ustilaginomycotina
13114.song.53.s007	Pezizomycotina	0.00046553282268262125	Pezizomycotina
13114.song.53.s007	Saccharomycotina	0.3634453541085114	Saccharomycotina
13114.song.53.s007	Ustilaginomycotina	7.758880378043687e-05	Ustilaginomycotina
13114.song.53.s008	Saccharomycotina	0.000363850273404863	Saccharomycotina
13114.song.53.s011	Saccharomycotina	0.04657396938430756	Saccharomycotina
13114.song.53.s014	Agaricomycotina	8.91743463406353e-05	Agaricomycotina
13114.song.53.s014	Pezizomycotina	0.0006097036703289949	Pezizomycotina
13114.song.53.s014	Pucciniomycotina	0.00011820785445153981	Pucciniomycotina
13114.song.53.s014	Saccharomycotina	1.9455084188256084	Saccharomycotina
13114.song.53.s014	Ustilaginomycotina	0.0007050994826933954	Ustilaginomycotina
13114.song.53.s014	Wallemiomycotina	0.0001493151845703661	Wallemiomycotina
13114.stegen.36.s001	Pezizomycotina	0.001113612456012308	Pezizomycotina
13114.stegen.36.s002	Pezizomycotina	0.0016750817203824671	Pezizomycotina
13114.stegen.36.s009	Pezizomycotina	0.0005076560544730978	Pezizomycotina
13114.stegen.36.s011	Pezizomycotina	0.0002025686056672619	Pezizomycotina
13114.stegen.36.s011	Saccharomycotina	0.015708003789462823	Saccharomycotina
13114.stegen.37.s009	Ustilaginomycotina	0.0039851751484477746	Ustilaginomycotina
13114.stegen.38.s005	Pezizomycotina	0.0010167870423340962	Pezizomycotina
13114.stegen.38.s005	Saccharomycotina	0.00013966854977116703	Saccharomycotina
13114.stegen.38.s007	Pezizomycotina	0.0011431844065170145	Pezizomycotina
13114.stegen.38.s009	Pezizomycotina	0.000174049061198012	Pezizomycotina
13114.stegen.38.s011	Pezizomycotina	0.0034415764040767283	Pezizomycotina
13114.stegen.38.s014	Pezizomycotina	0.009163866825869171	Pezizomycotina
13114.stegen.38.s014	Saccharomycotina	0.0002184684745857985	Saccharomycotina
13114.stegen.38.s015	Pezizomycotina	0.0018787350266635042	Pezizomycotina
13114.stegen.38.s015	Saccharomycotina	0.0009931105378656396	Saccharomycotina
13114.stegen.38.s016	Pezizomycotina	0.0006234622887144753	Pezizomycotina
13114.stegen.38.s017	Pezizomycotina	0.0029713697100095544	Pezizomycotina
13114.stegen.38.s018	Pezizomycotina	0.0011965161912199022	Pezizomycotina
13114.stegen.38.s018	Wallemiomycotina	0.0003223774193960358	Wallemiomycotina
13114.stewart.26.s002	Agaricomycotina	0.00028468508136299627	Agaricomycotina
13114.stewart.26.s002	Pezizomycotina	0.0006642651898469912	Pezizomycotina
13114.stewart.26.s002	Pucciniomycotina	0.0005015880004967077	Pucciniomycotina
13114.stewart.26.s002	Saccharomycotina	0.002291037083349827	Saccharomycotina
13114.stewart.26.s002	Ustilaginomycotina	0.04732550566848666	Ustilaginomycotina
13114.stewart.26.s002	Wallemiomycotina	0.00024401578402542538	Wallemiomycotina
13114.stewart.26.s004	Ustilaginomycotina	0.012781737287497123	Ustilaginomycotina
13114.stewart.26.s008	Saccharomycotina	0.001639502514603377	Saccharomycotina
13114.stewart.26.s008	Ustilaginomycotina	0.051808279461466704	Ustilaginomycotina
13114.tait.77.s001	Saccharomycotina	0.006508264689107287	Saccharomycotina
13114.tait.77.s004	Pezizomycotina	0.010733013850687399	Pezizomycotina
13114.tait.77.s004	Saccharomycotina	0.00293373044884636	Saccharomycotina
13114.tait.77.s004	Ustilaginomycotina	0.22017976988274318	Ustilaginomycotina
13114.tait.77.s005	Saccharomycotina	0.018532138580941816	Saccharomycotina
13114.tait.77.s008	Saccharomycotina	0.05170341554246731	Saccharomycotina
13114.thomas.18.s001	Pezizomycotina	3.938791805548466e-06	Pezizomycotina
13114.thomas.18.s001	Saccharomycotina	3.938791805548466e-06	Saccharomycotina
13114.thomas.18.s012	Pezizomycotina	0.00017266296362164019	Pezizomycotina
13114.thomas.18.s012	Saccharomycotina	0.00010987643139558922	Saccharomycotina
13114.thomas.18.s012	Wallemiomycotina	0.0025820961377963463	Wallemiomycotina
13114.thomas.18.s014	Wallemiomycotina	0.0026307812070798246	Wallemiomycotina
13114.thomas.18.s021	Saccharomycotina	0.0009370338653568097	Saccharomycotina
13114.thomas.18.s023	Saccharomycotina	0.08088681450812339	Saccharomycotina
13114.thomas.18.s025	Saccharomycotina	0.03422885967021238	Saccharomycotina
13114.thomas.18.s028	Saccharomycotina	0.012391880228697572	Saccharomycotina
13114.thomas.18.s031	Ustilaginomycotina	5.0297307383946506e-05	Ustilaginomycotina
13114.thomas.18.s036	Saccharomycotina	2.7296852727474228e-05	Saccharomycotina
13114.thomas.18.s036	Ustilaginomycotina	9.098950909158076e-06	Ustilaginomycotina
13114.thomas.18.s041	Saccharomycotina	0.12691792502570923	Saccharomycotina
13114.thomas.18.s041	Ustilaginomycotina	0.22620802260669795	Ustilaginomycotina
13114.tucker.58.s003	Ustilaginomycotina	0.015120552037608937	Ustilaginomycotina
13114.tucker.58.s006	Ustilaginomycotina	0.2996005326231691	Ustilaginomycotina
13114.tucker.58.s011	Agaricomycotina	0.000820196519085973	Agaricomycotina
13114.tucker.58.s011	Ustilaginomycotina	0.0010935953587812974	Ustilaginomycotina
13114.tucker.58.s013	Ustilaginomycotina	0.019197085310621774	Ustilaginomycotina
13114.tucker.58.s015	Agaricomycotina	0.0009153506593957314	Agaricomycotina
13114.tucker.58.s015	Pezizomycotina	0.0017162824863669961	Pezizomycotina
13114.tucker.58.s015	Saccharomycotina	0.01178513973972004	Saccharomycotina
13114.tucker.58.s015	Ustilaginomycotina	0.0018307013187914627	Ustilaginomycotina
13114.uren.82.s001	Pezizomycotina	0.0005137894070636703	Pezizomycotina
13114.uren.82.s001	Ustilaginomycotina	0.0007590070786167855	Ustilaginomycotina
13114.uren.82.s004	Pezizomycotina	0.00016678665197326806	Pezizomycotina
13114.uren.82.s004	Ustilaginomycotina	0.0009451243611818523	Ustilaginomycotina
13114.uren.82.s005	Pezizomycotina	0.0009280163947228435	Pezizomycotina
13114.uren.82.s005	Saccharomycotina	0.0005661483665919234	Saccharomycotina
13114.uren.82.s005	Ustilaginomycotina	0.00042023383911977816	Ustilaginomycotina
13114.uren.82.s006	Pezizomycotina	0.00037998692844966135	Pezizomycotina
13114.uren.82.s006	Ustilaginomycotina	0.0018799353302246403	Ustilaginomycotina
13114.uren.82.s010	Agaricomycotina	0.00013826148565212473	Agaricomycotina
13114.uren.82.s010	Saccharomycotina	9.618190306234765e-05	Saccharomycotina
13114.zaneveld.9.s001	Saccharomycotina	0.1729516781875822	Saccharomycotina
13114.zaneveld.9.s004	Saccharomycotina	0.06998593884502474	Saccharomycotina
13114.zaneveld.9.s005	Saccharomycotina	0.09872548148785541	Saccharomycotina
13114.zaneveld.9.s007	Saccharomycotina	0.03901270971952015	Saccharomycotina
13114.zaneveld.9.s011	Pezizomycotina	0.000410200875368668	Pezizomycotina
13114.zaneveld.9.s011	Saccharomycotina	0.000410200875368668	Saccharomycotina
13114.zaneveld.9.s012	Saccharomycotina	0.02669824989229211	Saccharomycotina
13114.zaneveld.9.s013	Saccharomycotina	0.01180819871391487	Saccharomycotina
13114.zaneveld.9.s014	Pezizomycotina	0.0013262713345693466	Pezizomycotina
13114.zaneveld.9.s014	Ustilaginomycotina	0.06202810039306696	Ustilaginomycotina
13114.zaneveld.9.s015	Pezizomycotina	0.0012635131053085457	Pezizomycotina
13114.zaneveld.9.s015	Saccharomycotina	0.006823807532312047	Saccharomycotina
13114.zaneveld.9.s015	Ustilaginomycotina	0.0027613200314690074	Ustilaginomycotina
13114.zaneveld.9.s017	Ustilaginomycotina	0.04602072904629851	Ustilaginomycotina
13114.zaneveld.9.s020	Saccharomycotina	0.0011594740625652205	Saccharomycotina
13114.zaneveld.9.s021	Ustilaginomycotina	0.020101436318631823	Ustilaginomycotina
13114.zaneveld.9.s022	Saccharomycotina	0.060221514297491945	Saccharomycotina
13114.zaneveld.9.s022	Wallemiomycotina	0.021218023520093453	Wallemiomycotina
13114.girguis.50.s001	Saccharomycotina	0.00042415919038327947	Saccharomycotina
13114.girguis.50.s001	Ustilaginomycotina	0.008320398388653626	Ustilaginomycotina
13114.girguis.50.s002	Saccharomycotina	0.0007062713907655898	Saccharomycotina
13114.girguis.50.s004	Saccharomycotina	0.044594861807855345	Saccharomycotina
13114.girguis.50.s009	Agaricomycotina	0.00040751133414203473	Agaricomycotina
13114.minich.76.s003	Agaricomycotina	4.747831586184064e-05	Agaricomycotina
13114.minich.76.s003	Saccharomycotina	0.14127059841081485	Saccharomycotina
13114.minich.76.s003	Wallemiomycotina	0.0016481758220610392	Wallemiomycotina
13114.minich.76.s005	Agaricomycotina	0.0020838762780385086	Agaricomycotina
13114.minich.76.s005	Saccharomycotina	0.008975435622732788	Saccharomycotina
13114.minich.76.s005	Wallemiomycotina	0.0003305135604088073	Wallemiomycotina
13114.minich.76.s006	Agaricomycotina	0.0004230803389624906	Agaricomycotina
13114.minich.76.s006	Pezizomycotina	0.004626806586893796	Pezizomycotina
13114.minich.76.s006	Saccharomycotina	0.12479177678037623	Saccharomycotina
13114.minich.76.s006	Taphrinomycotina	0.00180062992262436	Taphrinomycotina
13114.minich.76.s006	Ustilaginomycotina	0.021275864085745725	Ustilaginomycotina
13114.mousseau.88.s001	Agaricomycotina	0.00011727492479159073	Agaricomycotina
13114.mousseau.88.s001	Saccharomycotina	0.00010945659647215135	Saccharomycotina
13114.mousseau.88.s005	Saccharomycotina	0.0003260394441414304	Saccharomycotina
13114.mousseau.88.s008	Agaricomycotina	0.0012551068761926718	Agaricomycotina
13114.mousseau.88.s009	Agaricomycotina	0.001383809794421217	Agaricomycotina
13114.mousseau.88.s009	Saccharomycotina	0.000922539862947478	Saccharomycotina
13114.mousseau.88.s009	Ustilaginomycotina	0.02462028259241082	Ustilaginomycotina
13114.mousseau.88.s017	Agaricomycotina	0.0009830418094874563	Agaricomycotina
13114.mousseau.88.s017	Saccharomycotina	0.0013426912519828673	Saccharomycotina
13114.mousseau.88.s022	Pezizomycotina	0.02428224539351521	Pezizomycotina
13114.mousseau.88.s025	Saccharomycotina	0.00031402803185500355	Saccharomycotina
13114.mousseau.88.s026	Saccharomycotina	0.0012912440739346492	Saccharomycotina
13114.mousseau.88.s028	Pezizomycotina	0.0026016372970722908	Pezizomycotina
13114.mousseau.88.s028	Saccharomycotina	0.0008338581080359906	Saccharomycotina
13114.mousseau.88.s032	Agaricomycotina	2.760868989036037e-05	Agaricomycotina
13114.mousseau.88.s032	Pezizomycotina	0.0033889666840417358	Pezizomycotina
13114.mousseau.88.s032	Saccharomycotina	0.0009524998012174328	Saccharomycotina
13114.mousseau.88.s033	Saccharomycotina	0.004998615767941186	Saccharomycotina
13114.mousseau.88.s033	Ustilaginomycotina	0.009997231535882372	Ustilaginomycotina
13114.mousseau.88.s035	Agaricomycotina	0.00036657108560590957	Agaricomycotina
13114.mousseau.88.s035	Saccharomycotina	0.00019033498675691458	Saccharomycotina
13114.mousseau.88.s039	Agaricomycotina	0.00028107262231446086	Agaricomycotina
13114.mousseau.88.s043	Saccharomycotina	0.004253737692145809	Saccharomycotina
13114.mousseau.88.s043	Ustilaginomycotina	0.02283585497888803	Ustilaginomycotina
13114.mousseau.88.s045	Agaricomycotina	0.00012476534090124245	Agaricomycotina
13114.mousseau.88.s045	Saccharomycotina	0.00029854563715654437	Saccharomycotina
13114.mousseau.88.s047	Pezizomycotina	0.0017448851262047925	Pezizomycotina
13114.mousseau.88.s050	Agaricomycotina	0.00036823250036414104	Agaricomycotina
13114.mousseau.88.s052	Agaricomycotina	0.0006471513336194555	Agaricomycotina
13114.mousseau.88.s052	Pezizomycotina	0.010987504164278147	Pezizomycotina
13114.mousseau.88.s054	Agaricomycotina	0.0002907030617209839	Agaricomycotina
13114.mousseau.88.s054	Pucciniomycotina	0.0003633788271512299	Pucciniomycotina
13114.mousseau.88.s054	Saccharomycotina	0.026871864267833452	Saccharomycotina
13114.mousseau.88.s054	Ustilaginomycotina	0.006722508302297754	Ustilaginomycotina
13114.mousseau.88.s056	Pezizomycotina	0.0009878416675955044	Pezizomycotina
13114.mousseau.88.s056	Saccharomycotina	0.00023411276515269175	Saccharomycotina
13114.mousseau.88.s057	Saccharomycotina	0.00022888989681826562	Saccharomycotina
13114.mousseau.88.s062	Agaricomycotina	6.766287850402788e-05	Agaricomycotina
13114.mousseau.88.s062	Saccharomycotina	0.0006935445046662858	Saccharomycotina
13114.mousseau.88.s062	Ustilaginomycotina	0.0010403167569994288	Ustilaginomycotina
13114.mousseau.88.s062	Wallemiomycotina	0.0001691571962600697	Wallemiomycotina
13114.mousseau.88.s070	Agaricomycotina	0.0003219215713206511	Agaricomycotina
13114.mousseau.88.s070	Pucciniomycotina	0.0009791781127669803	Pucciniomycotina
13114.mousseau.88.s070	Saccharomycotina	0.00975154093125472	Saccharomycotina
13114.mousseau.88.s070	Ustilaginomycotina	0.005217812135155553	Ustilaginomycotina
13114.mousseau.88.s073	Agaricomycotina	0.0028273730164714017	Agaricomycotina
13114.mousseau.88.s073	Pezizomycotina	0.0026779589952757583	Pezizomycotina
13114.mousseau.88.s073	Saccharomycotina	0.0010688849208611397	Saccharomycotina
13114.mousseau.88.s074	Pezizomycotina	0.01659489624341484	Pezizomycotina
13114.mousseau.88.s078	Agaricomycotina	0.0023602128700646453	Agaricomycotina
13114.mousseau.88.s078	Pezizomycotina	0.0015147634837728318	Pezizomycotina
13114.mousseau.88.s078	Saccharomycotina	0.0008278358574107337	Saccharomycotina
13114.mousseau.88.s078	Ustilaginomycotina	0.004509063393556337	Ustilaginomycotina
13114.mousseau.88.s079	Agaricomycotina	0.0005024769550224674	Agaricomycotina
13114.mousseau.88.s079	Pezizomycotina	0.0013895026001131496	Pezizomycotina
13114.mousseau.88.s094	Agaricomycotina	0.0007670854145571818	Agaricomycotina
13114.mousseau.88.s094	Pezizomycotina	0.01057770413757798	Pezizomycotina
13114.mousseau.88.s094	Ustilaginomycotina	0.002614146346977764	Ustilaginomycotina
13114.mousseau.88.s095	Agaricomycotina	0.0005035339324949274	Agaricomycotina
13114.mousseau.88.s096	Agaricomycotina	0.0001352179211787694	Agaricomycotina
13114.mousseau.88.s097	Pezizomycotina	0.00016020704665765275	Pezizomycotina
13114.mousseau.88.s097	Wallemiomycotina	0.0008318442807224277	Wallemiomycotina
13114.mousseau.88.s098	Pezizomycotina	0.0013087851929573346	Pezizomycotina
13114.mousseau.88.s099	Saccharomycotina	0.0004914897260539739	Saccharomycotina
13114.mousseau.88.s105	Agaricomycotina	0.00031841040468971824	Agaricomycotina
13114.mousseau.88.s105	Saccharomycotina	0.0007288060374009106	Saccharomycotina
13114.mousseau.88.s107	Agaricomycotina	0.0003410503088922867	Agaricomycotina
13114.mousseau.88.s107	Pezizomycotina	0.014863749538179026	Pezizomycotina
13114.song.51.s002	Saccharomycotina	0.00130699115281262	Saccharomycotina
13114.song.51.s002	Ustilaginomycotina	0.0002713970699829484	Ustilaginomycotina
13114.song.51.s009	Agaricomycotina	0.00011557892012928097	Agaricomycotina
13114.song.51.s009	Saccharomycotina	0.0010589528087520607	Saccharomycotina
13114.song.51.s013	Saccharomycotina	9.365092756170991e-05	Saccharomycotina
13114.song.51.s013	Ustilaginomycotina	0.004327453277747346	Ustilaginomycotina
13114.song.51.s013	Wallemiomycotina	0.00016388912323299235	Wallemiomycotina
13114.song.51.s014	Pezizomycotina	0.0001948900997010504	Pezizomycotina
13114.song.51.s014	Saccharomycotina	0.057516202454197876	Saccharomycotina
13114.song.51.s014	Taphrinomycotina	0.0005580943764166442	Taphrinomycotina
13114.song.51.s015	Saccharomycotina	0.002241972681134088	Saccharomycotina
13114.song.51.s020	Agaricomycotina	0.00047377033965864673	Agaricomycotina
13114.song.51.s020	Saccharomycotina	0.004987278843370933	Saccharomycotina
13114.song.52.s002	Agaricomycotina	0.0006928268568037421	Agaricomycotina
13114.song.52.s011	Agaricomycotina	6.482635198468729e-05	Agaricomycotina
13114.song.52.s011	Pezizomycotina	0.0035836007377135133	Pezizomycotina
13114.song.52.s011	Saccharomycotina	0.014757070765794215	Saccharomycotina
13114.song.52.s011	Wallemiomycotina	0.01433699600493344	Wallemiomycotina
13114.song.52.s012	Saccharomycotina	0.00021621079124149191	Saccharomycotina
13114.song.52.s012	Wallemiomycotina	0.0008045052697357839	Wallemiomycotina
13114.song.53.s002	Agaricomycotina	0.00016392729446196855	Agaricomycotina
13114.song.53.s002	Pezizomycotina	7.250630331971686e-05	Pezizomycotina
13114.song.53.s002	Pucciniomycotina	0.004555287317260472	Pucciniomycotina
13114.song.53.s002	Saccharomycotina	0.10421047255825566	Saccharomycotina
13114.song.53.s002	Ustilaginomycotina	0.0014375162745126472	Ustilaginomycotina
13114.song.53.s002	Wallemiomycotina	0.007405100282522387	Wallemiomycotina
13114.song.53.s003	Agaricomycotina	0.002490981524816415	Agaricomycotina
13114.song.53.s003	Pezizomycotina	0.005682130829581227	Pezizomycotina
13114.song.53.s003	Saccharomycotina	0.04498577986168455	Saccharomycotina
13114.song.53.s003	Ustilaginomycotina	0.004187541914691378	Ustilaginomycotina
13114.song.53.s004	Saccharomycotina	0.003580217195045555	Saccharomycotina
13114.song.53.s010	Pezizomycotina	0.0006022670678281247	Pezizomycotina
13114.song.53.s010	Saccharomycotina	0.01335081410693854	Saccharomycotina
13114.song.53.s010	Ustilaginomycotina	0.0005215161760522868	Ustilaginomycotina
13114.song.53.s012	Pezizomycotina	0.00017940274925215438	Pezizomycotina
13114.song.53.s012	Saccharomycotina	0.013465759296808762	Saccharomycotina
13114.song.53.s012	Ustilaginomycotina	0.0029970812228006967	Ustilaginomycotina
13114.song.75.s002	Saccharomycotina	0.0454221010966193	Saccharomycotina
13114.song.75.s003	Pezizomycotina	0.006786469674861041	Pezizomycotina
13114.song.75.s003	Saccharomycotina	0.03783758018424743	Saccharomycotina
13114.song.75.s004	Pezizomycotina	0.004785774060819388	Pezizomycotina
13114.song.75.s004	Saccharomycotina	0.028798908558312245	Saccharomycotina
