sample	abundance	category	sample_accession	run_accession	experiment_accession	study_accession	project_accession	macrocategory	type	subtype
DRR000713	25760.0	fish	DRS000406	DRR000713	DRX000444	DRP000303	PRJDA53873	food	paralichthys_olivaceus	control_sample_of_paralichthys_olivaceus
ERR11641224	33.0	fish	ERS15563585	ERR11641224	ERX11043206	ERP147913	PRJEB62794	food	cod	
ERR11641227	1281.0	fish	ERS15563598	ERR11641227	ERX11043209	ERP147913	PRJEB62794	food	haddock	
ERR11641277	2143.0	fish	ERS15563586	ERR11641277	ERX11043259	ERP147913	PRJEB62794	food	cod	
ERR11641279	1359.0	fish	ERS15563599	ERR11641279	ERX11043261	ERP147913	PRJEB62794	food	haddock	
ERR11641474	671.0	fish	ERS15563612	ERR11641474	ERX11043456	ERP147913	PRJEB62794	food	salmon	
ERR11641475	1454.0	fish	ERS15563613	ERR11641475	ERX11043457	ERP147913	PRJEB62794	food	salmon	
ERR11642240	3170.0	fish	ERS15563625	ERR11642240	ERX11044222	ERP147913	PRJEB62794	food	cod	
ERR11642242	12575.0	fish	ERS15563626	ERR11642242	ERX11044224	ERP147913	PRJEB62794	food	cod	
ERR11642616	232.0	fish	ERS15563641	ERR11642616	ERX11044598	ERP147913	PRJEB62794	food	arctic_char	
ERR11642617	371.0	fish	ERS15563642	ERR11642617	ERX11044599	ERP147913	PRJEB62794	food	salmon	
ERR11647612	4.0	fish	ERS15563653	ERR11647612	ERX11049594	ERP147913	PRJEB62794	food	arctic_char	
ERR11865389	19991.0	dairy	ERS16282020	ERR11865389		ERP150416	PRJEB65292	food	kefir	milk_kefir
ERR1653129	841.0	dairy	ERS1354635	ERR1653129	ERX1723445	ERP017163	PRJEB15432	food	kefir	milk_kefir
ERR1653132	3896.0	dairy	ERS1354638	ERR1653132	ERX1723448	ERP017163	PRJEB15432	food	kefir	milk_kefir
ERR1653137	1753.0	dairy	ERS1354643	ERR1653137	ERX1723453	ERP017163	PRJEB15432	food	kefir	milk_kefir
ERR1653140	754.0	dairy	ERS1354646	ERR1653140	ERX1723456	ERP017163	PRJEB15432	food	kefir	milk_kefir
ERR1653141	615.0	dairy	ERS1354647	ERR1653141	ERX1723457	ERP017163	PRJEB15432	food	kefir	milk_kefir
ERR1653143	2280.0	dairy	ERS1354649	ERR1653143	ERX1723459	ERP017163	PRJEB15432	food	kefir	milk_kefir
ERR2014811	5087.0	dairy	ERS1739834	ERR2014811	ERX2074393	ERP023064	PRJEB20873	food	nunu	
ERR2982980	935.0	dairy	ERS2955443	ERR2982980	ERX2985738	ERP112494	PRJEB30083	food	yogurt	ovine_pastorized-milk_yogurt
ERR2982982	10.0	dairy	ERS2955445	ERR2982982	ERX2985740	ERP112494	PRJEB30083	food	yogurt	ovine_pastorized-milk_yogurt
ERR2982984	3.0	dairy	ERS2955447	ERR2982984	ERX2985742	ERP112494	PRJEB30083	food	yogurt	ovine_pastorized-milk_yogurt
ERR3143461	679.0	dairy	ERS3128644	ERR3143461	ERX3172427	ERP113625	PRJEB31110	food	milk	whole_milk
ERR3143462	214.0	dairy	ERS3128645	ERR3143462	ERX3172428	ERP113625	PRJEB31110	food	milk	whole_milk
ERR3143463	38.0	dairy	ERS3128646	ERR3143463	ERX3172429	ERP113625	PRJEB31110	food	milk	skimmed_milk
ERR3143466	6.0	dairy	ERS3128649	ERR3143466	ERX3172432	ERP113625	PRJEB31110	food	milk	skimmed_milk_powder
ERR3143469	837.0	dairy	ERS3128652	ERR3143469	ERX3172435	ERP113625	PRJEB31110	food	milk	whole_milk
ERR3143470	617.0	dairy	ERS3128653	ERR3143470	ERX3172436	ERP113625	PRJEB31110	food	milk	whole_milk
ERR3143471	153.0	dairy	ERS3128654	ERR3143471	ERX3172437	ERP113625	PRJEB31110	food	milk	skimmed_milk
ERR3143472	111.0	dairy	ERS3128655	ERR3143472	ERX3172438	ERP113625	PRJEB31110	food	milk	skimmed_milk
ERR3143473	239.0	dairy	ERS3128656	ERR3143473	ERX3172439	ERP113625	PRJEB31110	food	milk	skimmed_milk_powder
ERR3143474	127.0	dairy	ERS3128657	ERR3143474	ERX3172440	ERP113625	PRJEB31110	food	milk	skimmed_milk_powder
ERR3143475	149.0	dairy	ERS3128658	ERR3143475	ERX3172441	ERP113625	PRJEB31110	food	milk	skimmed_milk_powder
ERR3479076	1412.0	fermented_meat	ERS3651755	ERR3479076	ERX3500635	ERP116842	PRJEB34001	food	cattle_pig_chicken_and_turkey_sausage	calibraton_sausage_containing_cattle_pig_chicken_and_turkey_meat
ERR3479077	888.0	fermented_meat	ERS3651756	ERR3479077	ERX3500636	ERP116842	PRJEB34001	food	cattle_pig_chicken_and_turkey_sausage	calibraton_sausage_containing_cattle_pig_chicken_and_turkey_meat
ERR3479078	997.0	fermented_meat	ERS3651757	ERR3479078	ERX3500637	ERP116842	PRJEB34001	food	cattle_pig_chicken_and_turkey_sausage	calibraton_sausage_containing_cattle_pig_chicken_and_turkey_meat
ERR3479079	348.0	fermented_meat	ERS3651758	ERR3479079	ERX3500638	ERP116842	PRJEB34001	food	cattle_pig_chicken_and_turkey_sausage	calibraton_sausage_containing_cattle_pig_chicken_and_turkey_meat
ERR3479080	475.0	fermented_meat	ERS3651759	ERR3479080	ERX3500639	ERP116842	PRJEB34001	food	cattle_pig_chicken_and_turkey_sausage	calibraton_sausage_containing_cattle_pig_chicken_and_turkey_meat
ERR3479083	949.0	fermented_meat	ERS3651762	ERR3479083	ERX3500642	ERP116842	PRJEB34001	food	cattle_pig_chicken_and_turkey_sausage	calibraton_sausage_containing_cattle_pig_chicken_and_turkey_meat
ERR3479084	1342.0	fermented_meat	ERS3651751	ERR3479084	ERX3500643	ERP116842	PRJEB34001	food	cattle_pig_sheep_and_horse_sausage	calibraton_sausage_containing_cattle_pig_sheep_and_horse_meat
ERR3479085	46.0	fermented_meat	ERS3651752	ERR3479085	ERX3500644	ERP116842	PRJEB34001	food	cattle_pig_sheep_and_horse_sausage	calibraton_sausage_containing_cattle_pig_sheep_and_horse_meat
ERR3479086	472.0	fermented_meat	ERS3651753	ERR3479086	ERX3500645	ERP116842	PRJEB34001	food	cattle_pig_sheep_and_horse_sausage	calibraton_sausage_containing_cattle_pig_sheep_and_horse_meat
ERR3479087	18.0	fermented_meat	ERS3651754	ERR3479087	ERX3500646	ERP116842	PRJEB34001	food	cattle_pig_sheep_and_horse_sausage	calibraton_sausage_containing_cattle_pig_sheep_and_horse_meat
ERR3964979	3.0	dairy	ERS4361128	ERR3964979	ERX3968322	ERP120265	PRJEB36988	food	laban	fermented_milk
ERR4142708	856.0	dairy	SAMEA6828613	ERR4142708	ERX4109999	ERP121482	PRJEB38099	food	raw_milk	bovine_milk
ERR4142709	925.0	dairy	SAMEA6828614	ERR4142709	ERX4110000	ERP121482	PRJEB38099	food	raw_milk	bovine_milk
ERR4142714	939.0	dairy	SAMEA6828619	ERR4142714	ERX4110005	ERP121482	PRJEB38099	food	raw_milk	bovine_milk
ERR4142715	819.0	dairy	SAMEA6828620	ERR4142715	ERX4110006	ERP121482	PRJEB38099	food	raw_milk	bovine_milk
ERR4142717	1006.0	dairy	SAMEA6828622	ERR4142717	ERX4110008	ERP121482	PRJEB38099	food	raw_milk	bovine_milk
ERR4142718	909.0	dairy	SAMEA6828623	ERR4142718	ERX4110009	ERP121482	PRJEB38099	food	raw_milk	bovine_milk
ERR4142721	3697.0	dairy	SAMEA6828626	ERR4142721	ERX4110012	ERP121482	PRJEB38099	food	raw_milk	bovine_milk
ERR4757858	27465.0	dairy	ERS3967743	ERR4757858	ERX4631008	ERP118359	PRJEB35321	food	yogurt	labne
ERR752912	28883.0	dairy	ERS654083	ERR752912	ERX696594	ERP006630	PRJEB6952	food	cheese	continental-type_cheese
ERR752913	27489.0	dairy	ERS654084	ERR752913	ERX696595	ERP006630	PRJEB6952	food	cheese	continental-type_cheese
ERR752914	20071.0	dairy	ERS654085	ERR752914	ERX696596	ERP006630	PRJEB6952	food	cheese	continental-type_cheese
ERR752915	26895.0	dairy	ERS654086	ERR752915	ERX696597	ERP006630	PRJEB6952	food	cheese	continental-type_cheese
ERR752916	30475.0	dairy	ERS654087	ERR752916	ERX696598	ERP006630	PRJEB6952	food	cheese	continental-type_cheese
SRR10454488	136926.0	fermented_grains	SRS5653283	SRR10454488	SRX7149047	SRP230115	PRJNA589612	food	sourdough	sourdough_starter
SRR10454496	98030.0	fermented_grains	SRS5652995	SRR10454496	SRX7149039	SRP230115	PRJNA589612	food	sourdough	sourdough_starter
SRR10454505	80934.0	fermented_grains	SRS5653156	SRR10454505	SRX7149030	SRP230115	PRJNA589612	food	sourdough	sourdough_starter
SRR10454508	237300.0	fermented_grains	SRS5653388	SRR10454508	SRX7149027	SRP230115	PRJNA589612	food	sourdough	sourdough_starter
SRR10454518	102317.0	fermented_grains	SRS5653047	SRR10454518	SRX7149017	SRP230115	PRJNA589612	food	sourdough	sourdough_starter
SRR11605261	41805.0	dairy	SRS6525472	SRR11605261	SRX8171767	SRP258112	PRJNA603575	food	yogurt	
SRR11605270	30719.0	probiotics	SRS6525479	SRR11605270	SRX8171758	SRP258112	PRJNA603575	food	probiotics	
SRR11605271	28103.0	probiotics	SRS6525478	SRR11605271	SRX8171757	SRP258112	PRJNA603575	food	probiotics	
SRR12227959	6543.0	fermented_meat	SAMN15539502	SRR12227959	SRX8736548	SRP272053	PRJNA636619	food	meat	pig_sausage
SRR20746821	38283.0	dairy	SAMN30094250	SRR20746821	SRX16767245	SRP389312	PRJNA865096	food	cheese	raw_milk_cheese
SRR20746823	6794.0	dairy	SAMN30094248	SRR20746823	SRX16767243	SRP389312	PRJNA865096	food	cheese	raw_milk_cheese
SRR20746825	6368.0	dairy	SAMN30094246	SRR20746825	SRX16767241	SRP389312	PRJNA865096	food	cheese	raw_milk_cheese
SRR20746827	24404.0	dairy	SAMN30094244	SRR20746827	SRX16767239	SRP389312	PRJNA865096	food	cheese	raw_milk_cheese
SRR20746829	18970.0	dairy	SAMN30094243	SRR20746829	SRX16767237	SRP389312	PRJNA865096	food	cheese	raw_milk_cheese
SRR20746830	42927.0	dairy	SAMN30094242	SRR20746830	SRX16767236	SRP389312	PRJNA865096	food	cheese	raw_milk_cheese
SRR20746832	69906.0	dairy	SAMN30094240	SRR20746832	SRX16767234	SRP389312	PRJNA865096	food	cheese	raw_milk_cheese
SRR20746844	28099.0	dairy	SAMN30094312	SRR20746844	SRX16767222	SRP389312	PRJNA865096	food	cheese	raw_milk_cheese
SRR20746859	57144.0	dairy	SAMN30094298	SRR20746859	SRX16767207	SRP389312	PRJNA865096	food	cheese	raw_milk_cheese
SRR20746860	54134.0	dairy	SAMN30094297	SRR20746860	SRX16767206	SRP389312	PRJNA865096	food	cheese	raw_milk_cheese
SRR20746884	4685.0	dairy	SAMN30094193	SRR20746884	SRX16767182	SRP389312	PRJNA865096	food	cheese	raw_milk_cheese
SRR20746912	63081.0	dairy	SAMN30094284	SRR20746912	SRX16767154	SRP389312	PRJNA865096	food	cheese	raw_milk_cheese
SRR20746915	46119.0	dairy	SAMN30094282	SRR20746915	SRX16767151	SRP389312	PRJNA865096	food	cheese	raw_milk_cheese
SRR20746917	22775.0	dairy	SAMN30094280	SRR20746917	SRX16767149	SRP389312	PRJNA865096	food	cheese	raw_milk_cheese
SRR20746919	17346.0	dairy	SAMN30094278	SRR20746919	SRX16767147	SRP389312	PRJNA865096	food	cheese	raw_milk_cheese
SRR20746920	6506.0	dairy	SAMN30094277	SRR20746920	SRX16767146	SRP389312	PRJNA865096	food	cheese	raw_milk_cheese
SRR20746921	15994.0	dairy	SAMN30094276	SRR20746921	SRX16767145	SRP389312	PRJNA865096	food	cheese	raw_milk_cheese
SRR20746934	20218.0	dairy	SAMN30094264	SRR20746934	SRX16767132	SRP389312	PRJNA865096	food	cheese	raw_milk_cheese
SRR20746941	107272.0	dairy	SAMN30094258	SRR20746941	SRX16767125	SRP389312	PRJNA865096	food	cheese	raw_milk_cheese
SRR20746953	47227.0	dairy	SAMN30094230	SRR20746953	SRX16767113	SRP389312	PRJNA865096	food	cheese	raw_milk_cheese
SRR20746963	71250.0	dairy	SAMN30094221	SRR20746963	SRX16767103	SRP389312	PRJNA865096	food	cheese	raw_milk_cheese
SRR20746968	43986.0	dairy	SAMN30094216	SRR20746968	SRX16767098	SRP389312	PRJNA865096	food	cheese	raw_milk_cheese
SRR2182530	1332.0	probiotics	SRS1044733	SRR2182530	SRX1163887	SRP062833	PRJNA291686	food	probiotics	
SRR2182531	633.0	probiotics	SRS1044733	SRR2182531	SRX1163888	SRP062833	PRJNA291686	food	probiotics	
SRR2182533	11068.0	probiotics	SRS1044731	SRR2182533	SRX1163890	SRP062833	PRJNA291686	food	probiotics	
SRR2182534	11118.0	probiotics	SRS1044731	SRR2182534	SRX1163891	SRP062833	PRJNA291686	food	probiotics	
SRR2182536	1024.0	probiotics	SRS1044739	SRR2182536	SRX1163893	SRP062833	PRJNA291686	food	probiotics	
SRR2182537	199.0	probiotics	SRS1044739	SRR2182537	SRX1163894	SRP062833	PRJNA291686	food	probiotics	
SRR2182540	1970.0	probiotics	SRS1044738	SRR2182540	SRX1163897	SRP062833	PRJNA291686	food	probiotics	
SRR2182542	1243.0	probiotics	SRS1044733	SRR2182542	SRX1163899	SRP062833	PRJNA291686	food	probiotics	
SRR2182544	937.0	probiotics	SRS1044737	SRR2182544	SRX1163901	SRP062833	PRJNA291686	food	probiotics	
SRR2182545	2052.0	probiotics	SRS1044737	SRR2182545	SRX1163902	SRP062833	PRJNA291686	food	probiotics	
SRR2182546	3894.0	probiotics	SRS1044736	SRR2182546	SRX1163903	SRP062833	PRJNA291686	food	probiotics	
SRR2182547	3588.0	probiotics	SRS1044736	SRR2182547	SRX1163904	SRP062833	PRJNA291686	food	probiotics	
SRR2182548	3692.0	probiotics	SRS1044736	SRR2182548	SRX1163905	SRP062833	PRJNA291686	food	probiotics	
SRR2182552	857.0	probiotics	SRS1044734	SRR2182552	SRX1163909	SRP062833	PRJNA291686	food	probiotics	
SRR25394772	61437.0	dairy	SAMN36690558	SRR25394772		SRP450983	PRJNA997801	food	cheese	ripened_cheese_a_core
SRR26215979	11911.0	fermented_beverages	SAMN37604509	SRR26215979		SRP463826	PRJNA977472	food	water_kefir	water_kefir_figs_dried_liquid
SRR26215983	20822.0	fermented_beverages	SAMN37604506	SRR26215983		SRP463826	PRJNA977472	food	water_kefir	water_kefir_figs_dried_liquid
SRR26215984	38109.0	fermented_beverages	SAMN37604505	SRR26215984		SRP463826	PRJNA977472	food	water_kefir	water_kefir_figs_dried_liquid
SRR26596530	104581.0	fish	SAMN38049505	SRR26596530	SRX22297522	SRP469401	PRJNA1034056	food	anchioves	
SRR26596537	201179.0	fish	SAMN38049499	SRR26596537	SRX22297483	SRP469401	PRJNA1034056	food	anchioves	
SRR26596547	191356.0	fish	SAMN38049462	SRR26596547	SRX22297505	SRP469401	PRJNA1034056	food	anchioves	
SRR26596557	182955.0	fish	SAMN38049453	SRR26596557	SRX22297495	SRP469401	PRJNA1034056	food	anchioves	
SRR26596576	167916.0	fish	SAMN38049491	SRR26596576	SRX22297475	SRP469401	PRJNA1034056	food	anchioves	
SRR26596583	82279.0	fish	SAMN38049485	SRR26596583	SRX22297468	SRP469401	PRJNA1034056	food	anchioves	
SRR26596601	134854.0	fish	SAMN38049432	SRR26596601	SRX22297451	SRP469401	PRJNA1034056	food	anchioves	
SRR27593178	23207.0	fermented_grains	SAMN39472511	SRR27593178		SRP484221	PRJNA1052643	food	kunu	millet
SRR31887207	225.0	dairy	SAMN46068921	SRR31887207	SRX27245671	SRP555193	PRJNA1206071	food	cheese	parmigiano_reggiano
SRR31887214	6763.0	dairy	SAMN46068915	SRR31887214	SRX27245664	SRP555193	PRJNA1206071	food	cheese	parmigiano_reggiano
SRR31887246	70100.0	dairy	SAMN46068855	SRR31887246	SRX27245632	SRP555193	PRJNA1206071	food	cheese	monte_veronese
SRR31887334	35448.0	dairy	SAMN46068864	SRR31887334	SRX27245544	SRP555193	PRJNA1206071	food	cheese	grana
SRR4875283	15357.0	fermented_meat	SRS1779547	SRR4875283	SRX2323694	SRP092525	PRJNA352236	food	meat	felino-type_sausages
SRR4875286	46480.0	fermented_meat	SRS1779548	SRR4875286	SRX2323697	SRP092525	PRJNA352236	food	meat	felino-type_sausages
SRR4875289	79403.0	fermented_meat	SRS1779551	SRR4875289	SRX2323700	SRP092525	PRJNA352236	food	meat	felino-type_sausages
SRR6313181	1813.0	fermented_fruits_and_vegetables	SRS2706109	SRR6313181	SRX3413118	SRP082330	PRJNA336518	food	sauerkraut	
SRR6313182	3377.0	fermented_fruits_and_vegetables	SRS2706108	SRR6313182	SRX3413117	SRP082330	PRJNA336518	food	sauerkraut	
SRR6313183	693.0	fermented_fruits_and_vegetables	SRS2706107	SRR6313183	SRX3413116	SRP082330	PRJNA336518	food	sauerkraut	
SRR6313184	1044.0	fermented_fruits_and_vegetables	SRS2706106	SRR6313184	SRX3413115	SRP082330	PRJNA336518	food	sauerkraut	
SRR6337288	17363.0	fruits_and_vegetables	SRS2727328	SRR6337288	SRX3436364	SRP082330	PRJNA336518	food	cabbage	
SRR7589561	1.0	dairy	SRS3593113	SRR7589561	SRX4454804	SRP155105	PRJNA454439	food	whey	swiss_gruyere_whey_starter
SRR8830667	31501.0	fermented_legumes	SRS4562501	SRR8830667	SRX5618976	SRP190006	PRJNA529966	food	soybean	kinema
SRR8830668	60646.0	fermented_legumes	SRS4562503	SRR8830668	SRX5618975	SRP190006	PRJNA529966	food	soybean	kinema
