sample	abundance	category	empo_1	empo_2	empo_3	empo_4
13114.jensen.43.s014	1450.0	Sediment (saline)	Free-living	Saline	Sediment (saline)	Sediment (saline)
13114.king.27.s008	6860.0	Soil (non-saline)	Free-living	Non-saline	Soil (non-saline)	Soil (non-saline)
13114.mcmahon.21.s003	2097.0	Water (non-saline)	Free-living	Non-saline	Water (non-saline)	Water (non-saline)
13114.mcmahon.21.s004	902.0	Water (non-saline)	Free-living	Non-saline	Water (non-saline)	Water (non-saline)
13114.mcmahon.21.s015	2072.0	Water (non-saline)	Free-living	Non-saline	Water (non-saline)	Water (non-saline)
13114.mcmahon.21.s016	1129.0	Water (non-saline)	Free-living	Non-saline	Water (non-saline)	Water (non-saline)
13114.rohwer.84.s001	3109.0	Soil (non-saline)	Free-living	Non-saline	Soil (non-saline)	Soil (non-saline)
13114.rohwer.84.s003	1798.0	Soil (non-saline)	Free-living	Non-saline	Soil (non-saline)	Soil (non-saline)
13114.rohwer.84.s005	5819.0	Soil (non-saline)	Free-living	Non-saline	Soil (non-saline)	Soil (non-saline)
13114.rohwer.84.s006	3537.0	Soil (non-saline)	Free-living	Non-saline	Soil (non-saline)	Soil (non-saline)
13114.roy.chowdhury.45.s015	1291.0	Soil (non-saline)	Free-living	Non-saline	Soil (non-saline)	Soil (saline)
13114.thomas.18.s017	693.0	Animal corpus	Host-associated	Animal	Animal corpus	Animal corpus (saline)
13114.thomas.18.s020	1384.0	Animal corpus	Host-associated	Animal	Animal corpus	Animal corpus (saline)
13114.thomas.19.s002	3999.0	Plant surface	Host-associated	Plant	Plant surface	Plant surface (saline)
13114.thomas.19.s014	3154.0	Plant surface	Host-associated	Plant	Plant surface	Plant surface (saline)
13114.thomas.19.s017	3029.0	Plant surface	Host-associated	Plant	Plant surface	Plant surface (saline)
13114.thomas.19.s018	3751.0	Plant surface	Host-associated	Plant	Plant surface	Plant surface (saline)
13114.thomas.19.s021	2644.0	Plant surface	Host-associated	Plant	Plant surface	Plant surface (saline)
13114.thomas.19.s022	4893.0	Plant surface	Host-associated	Plant	Plant surface	Plant surface (saline)
13114.berry.2.s003	1916.0	Sediment (non-saline)	Free-living	Non-saline	Sediment (non-saline)	Sediment (non-saline)
13114.bowen.74.s006	4921.0	Sediment (saline)	Free-living	Saline	Sediment (saline)	Sediment (saline)
13114.distel.72.s007	5485.0	Animal proximal gut	Host-associated	Animal	Animal proximal gut	Animal proximal gut (saline)
13114.girguis.50.s005	39742.0	Animal distal gut	Host-associated	Animal	Animal distal gut	Animal distal gut (saline)
13114.jensen.43.s001	3449.0	Sediment (saline)	Free-living	Saline	Sediment (saline)	Sediment (saline)
13114.jensen.43.s005	1004.0	Sediment (saline)	Free-living	Saline	Sediment (saline)	Sediment (saline)
13114.jensen.43.s015	9636.0	Sediment (saline)	Free-living	Saline	Sediment (saline)	Sediment (saline)
13114.king.27.s005	8436.0	Soil (non-saline)	Free-living	Non-saline	Soil (non-saline)	Soil (non-saline)
13114.king.27.s009	3487.0	Soil (non-saline)	Free-living	Non-saline	Soil (non-saline)	Soil (non-saline)
13114.king.27.s016	4156.0	Soil (non-saline)	Free-living	Non-saline	Soil (non-saline)	Soil (non-saline)
13114.mayer.34.s004	6047.0	Sediment (non-saline)	Free-living	Non-saline	Sediment (non-saline)	Sediment (non-saline)
13114.mcmahon.21.s002	1112.0	Water (non-saline)	Free-living	Non-saline	Water (non-saline)	Water (non-saline)
13114.mcmahon.21.s005	1154.0	Water (non-saline)	Free-living	Non-saline	Water (non-saline)	Water (non-saline)
13114.mcmahon.21.s006	8.0	Water (non-saline)	Free-living	Non-saline	Water (non-saline)	Water (non-saline)
13114.mcmahon.21.s007	908.0	Water (non-saline)	Free-living	Non-saline	Water (non-saline)	Water (non-saline)
13114.mcmahon.21.s011	3936.0	Water (non-saline)	Free-living	Non-saline	Water (non-saline)	Water (non-saline)
13114.mcmahon.21.s012	860.0	Water (non-saline)	Free-living	Non-saline	Water (non-saline)	Water (non-saline)
13114.mcmahon.21.s013	1798.0	Water (non-saline)	Free-living	Non-saline	Water (non-saline)	Water (non-saline)
13114.mcmahon.21.s014	1603.0	Water (non-saline)	Free-living	Non-saline	Water (non-saline)	Water (non-saline)
13114.mcmahon.21.s017	1579.0	Water (non-saline)	Free-living	Non-saline	Water (non-saline)	Water (non-saline)
13114.palenik.42.s009	17627.0	Water (saline)	Free-living	Saline	Water (saline)	Water (saline)
13114.palenik.42.s016	8757.0	Water (saline)	Free-living	Saline	Water (saline)	Water (saline)
13114.pinto.63.s004	14986180.0	Plant corpus	Host-associated	Plant	Plant corpus	Plant corpus (non-saline)
13114.pinto.63.s021	22911.0	Plant corpus	Host-associated	Plant	Plant corpus	Plant corpus (non-saline)
13114.rohwer.84.s002	3834.0	Soil (non-saline)	Free-living	Non-saline	Soil (non-saline)	Soil (non-saline)
13114.rohwer.84.s004	3237.0	Soil (non-saline)	Free-living	Non-saline	Soil (non-saline)	Soil (non-saline)
13114.roy.chowdhury.45.s010	693.0	Soil (non-saline)	Free-living	Non-saline	Soil (non-saline)	Soil (saline)
13114.roy.chowdhury.45.s016	1173.0	Soil (non-saline)	Free-living	Non-saline	Soil (non-saline)	Soil (saline)
13114.seedorf.71.s001	5091.0	Soil (non-saline)	Free-living	Non-saline	Soil (non-saline)	Soil (non-saline)
13114.shade.23.s006	28463.0	Soil (non-saline)	Free-living	Non-saline	Soil (non-saline)	Soil (non-saline)
13114.smith.39.s006	1032.0	Plant surface	Host-associated	Plant	Plant surface	Plant surface (saline)
13114.song.53.s001	28616.0	Animal distal gut	Host-associated	Animal	Animal distal gut	Animal distal gut (non-saline)
13114.stegen.36.s003	884.0	Soil (non-saline)	Free-living	Non-saline	Soil (non-saline)	Soil (non-saline)
13114.stegen.36.s007	2791.0	Soil (non-saline)	Free-living	Non-saline	Soil (non-saline)	Soil (non-saline)
13114.stegen.36.s013	3617.0	Soil (non-saline)	Free-living	Non-saline	Soil (non-saline)	Soil (non-saline)
13114.thomas.18.s004	1335.0	Animal corpus	Host-associated	Animal	Animal corpus	Animal corpus (saline)
13114.thomas.18.s005	1832.0	Animal corpus	Host-associated	Animal	Animal corpus	Animal corpus (saline)
13114.thomas.18.s006	12.0	Animal corpus	Host-associated	Animal	Animal corpus	Animal corpus (saline)
13114.thomas.18.s007	4172.0	Animal corpus	Host-associated	Animal	Animal corpus	Animal corpus (saline)
13114.thomas.18.s011	1467.0	Animal corpus	Host-associated	Animal	Animal corpus	Animal corpus (saline)
13114.thomas.19.s003	1311.0	Plant surface	Host-associated	Plant	Plant surface	Plant surface (saline)
13114.thomas.19.s004	2856.0	Plant surface	Host-associated	Plant	Plant surface	Plant surface (saline)
13114.thomas.19.s007	2909.0	Plant surface	Host-associated	Plant	Plant surface	Plant surface (saline)
13114.thomas.19.s008	5646.0	Plant surface	Host-associated	Plant	Plant surface	Plant surface (saline)
13114.thomas.19.s009	4112.0	Plant surface	Host-associated	Plant	Plant surface	Plant surface (saline)
13114.thomas.19.s010	8797.0	Plant surface	Host-associated	Plant	Plant surface	Plant surface (saline)
13114.thomas.19.s019	6485.0	Plant surface	Host-associated	Plant	Plant surface	Plant surface (saline)
13114.thomas.19.s020	5768.0	Plant surface	Host-associated	Plant	Plant surface	Plant surface (saline)
13114.thomas.19.s023	2080.0	Plant surface	Host-associated	Plant	Plant surface	Plant surface (saline)
13114.thomas.19.s026	2831.0	Plant surface	Host-associated	Plant	Plant surface	Plant surface (saline)
13114.berry.2.s008	3742.0	Sediment (non-saline)	Free-living	Non-saline	Sediment (non-saline)	Sediment (non-saline)
13114.bittleston.68.s015	1019.0	Plant surface	Host-associated	Plant	Plant surface	Plant surface (non-saline)
13114.bowen.74.s004	7506.0	Sediment (saline)	Free-living	Saline	Sediment (saline)	Sediment (saline)
13114.distel.72.s011	6941.0	Animal proximal gut	Host-associated	Animal	Animal proximal gut	Animal proximal gut (saline)
13114.jensen.43.s002	859.0	Sediment (saline)	Free-living	Saline	Sediment (saline)	Sediment (saline)
13114.jensen.43.s006	8897.0	Sediment (saline)	Free-living	Saline	Sediment (saline)	Sediment (saline)
13114.jensen.43.s017	3318.0	Sediment (saline)	Free-living	Saline	Sediment (saline)	Sediment (saline)
13114.king.27.s003	2746.0	Soil (non-saline)	Free-living	Non-saline	Soil (non-saline)	Soil (non-saline)
13114.king.27.s004	8025.0	Soil (non-saline)	Free-living	Non-saline	Soil (non-saline)	Soil (non-saline)
13114.king.27.s014	30966.0	Soil (non-saline)	Free-living	Non-saline	Soil (non-saline)	Soil (non-saline)
13114.king.27.s018	1684.0	Soil (non-saline)	Free-living	Non-saline	Soil (non-saline)	Soil (non-saline)
13114.macrae.crerar.3.s003	13206.0	Soil (non-saline)	Free-living	Non-saline	Soil (non-saline)	Soil (non-saline)
13114.macrae.crerar.3.s008	4313.0	Soil (non-saline)	Free-living	Non-saline	Soil (non-saline)	Soil (non-saline)
13114.makhalanyane.47.s001	6.0	Soil (non-saline)	Free-living	Non-saline	Soil (non-saline)	Soil (non-saline)
13114.metcalf.40.s009	12086.0	Soil (non-saline)	Free-living	Non-saline	Soil (non-saline)	Soil (non-saline)
13114.metcalf.40.s010	11061.0	Soil (non-saline)	Free-living	Non-saline	Soil (non-saline)	Soil (non-saline)
13114.mousseau.88.s020	1102.0	Animal distal gut	Host-associated	Animal	Animal distal gut	Animal distal gut (non-saline)
13114.mousseau.88.s030	13030.0	Animal distal gut	Host-associated	Animal	Animal distal gut	Animal distal gut (non-saline)
13114.mousseau.88.s046	6235.0	Animal distal gut	Host-associated	Animal	Animal distal gut	Animal distal gut (non-saline)
13114.mousseau.88.s048	423.0	Animal distal gut	Host-associated	Animal	Animal distal gut	Animal distal gut (non-saline)
13114.mousseau.88.s058	15422.0	Animal distal gut	Host-associated	Animal	Animal distal gut	Animal distal gut (non-saline)
13114.mousseau.88.s067	217.0	Animal distal gut	Host-associated	Animal	Animal distal gut	Animal distal gut (non-saline)
13114.mousseau.88.s086	14930.0	Animal distal gut	Host-associated	Animal	Animal distal gut	Animal distal gut (non-saline)
13114.myrold.59.s012	35.0	Soil (non-saline)	Free-living	Non-saline	Soil (non-saline)	Soil (non-saline)
13114.pinto.63.s001	5997623.0	Plant corpus	Host-associated	Plant	Plant corpus	Plant corpus (non-saline)
13114.pinto.63.s015	11292318.0	Plant corpus	Host-associated	Plant	Plant corpus	Plant corpus (non-saline)
13114.pinto.63.s016	18831068.0	Plant corpus	Host-associated	Plant	Plant corpus	Plant corpus (non-saline)
13114.rohwer.84.s007	7543.0	Soil (non-saline)	Free-living	Non-saline	Soil (non-saline)	Soil (non-saline)
13114.rohwer.85.s023	7641.0	Sediment (saline)	Free-living	Saline	Sediment (saline)	Sediment (saline)
13114.rohwer.85.s025	32781.0	Sediment (saline)	Free-living	Saline	Sediment (saline)	Sediment (saline)
13114.roy.chowdhury.45.s005	6.0	Soil (non-saline)	Free-living	Non-saline	Soil (non-saline)	Soil (saline)
13114.roy.chowdhury.45.s006	2479.0	Soil (non-saline)	Free-living	Non-saline	Soil (non-saline)	Soil (saline)
13114.roy.chowdhury.45.s009	850.0	Soil (non-saline)	Free-living	Non-saline	Soil (non-saline)	Soil (saline)
13114.roy.chowdhury.45.s011	1.0	Soil (non-saline)	Free-living	Non-saline	Soil (non-saline)	Soil (saline)
13114.roy.chowdhury.45.s020	3802.0	Soil (non-saline)	Free-living	Non-saline	Soil (non-saline)	Soil (saline)
13114.sandin.54.s002	4.0	Animal proximal gut	Host-associated	Animal	Animal proximal gut	Animal proximal gut (saline)
13114.sandin.54.s010	9829.0	Animal proximal gut	Host-associated	Animal	Animal proximal gut	Animal proximal gut (saline)
13114.sandin.54.s014	17932.0	Animal proximal gut	Host-associated	Animal	Animal proximal gut	Animal proximal gut (saline)
13114.schmidt.56.s005	2.0	Soil (non-saline)	Free-living	Non-saline	Soil (non-saline)	Soil (non-saline)
13114.schmidt.56.s010	2.0	Soil (non-saline)	Free-living	Non-saline	Soil (non-saline)	Soil (non-saline)
13114.schmidt.56.s019	1.0	Soil (non-saline)	Free-living	Non-saline	Soil (non-saline)	Soil (non-saline)
13114.seedorf.71.s007	4171.0	Soil (non-saline)	Free-living	Non-saline	Soil (non-saline)	Soil (non-saline)
13114.shade.23.s001	921.0	Soil (non-saline)	Free-living	Non-saline	Soil (non-saline)	Soil (non-saline)
13114.smith.39.s002	2617.0	Plant surface	Host-associated	Plant	Plant surface	Plant surface (saline)
13114.smith.39.s004	61.0	Plant surface	Host-associated	Plant	Plant surface	Plant surface (saline)
13114.smith.39.s008	884.0	Plant surface	Host-associated	Plant	Plant surface	Plant surface (saline)
13114.song.52.s005	27019.0	Animal distal gut	Host-associated	Animal	Animal distal gut	Animal distal gut (non-saline)
13114.stegen.36.s005	37.0	Soil (non-saline)	Free-living	Non-saline	Soil (non-saline)	Soil (non-saline)
13114.stegen.36.s008	4372.0	Soil (non-saline)	Free-living	Non-saline	Soil (non-saline)	Soil (non-saline)
13114.stegen.38.s008	1994.0	Soil (non-saline)	Free-living	Non-saline	Soil (non-saline)	Soil (non-saline)
13114.stegen.38.s010	6339.0	Soil (non-saline)	Free-living	Non-saline	Soil (non-saline)	Soil (non-saline)
13114.stewart.26.s001	3974.0	Water (saline)	Free-living	Saline	Water (saline)	Water (saline)
13114.tait.78.s001	5576.0	Sediment (saline)	Free-living	Saline	Sediment (saline)	Sediment (saline)
13114.thomas.18.s003	9177.0	Animal corpus	Host-associated	Animal	Animal corpus	Animal corpus (saline)
13114.thomas.18.s009	7763.0	Animal corpus	Host-associated	Animal	Animal corpus	Animal corpus (saline)
13114.thomas.18.s015	2229.0	Animal corpus	Host-associated	Animal	Animal corpus	Animal corpus (saline)
13114.thomas.18.s019	1992.0	Animal corpus	Host-associated	Animal	Animal corpus	Animal corpus (saline)
13114.thomas.18.s026	9065.0	Animal corpus	Host-associated	Animal	Animal corpus	Animal corpus (saline)
13114.thomas.18.s033	6024.0	Animal corpus	Host-associated	Animal	Animal corpus	Animal corpus (saline)
13114.thomas.18.s034	6.0	Animal corpus	Host-associated	Animal	Animal corpus	Animal corpus (saline)
13114.thomas.18.s043	7.0	Animal corpus	Host-associated	Animal	Animal corpus	Animal corpus (saline)
13114.thomas.18.s046	7.0	Animal corpus	Host-associated	Animal	Animal corpus	Animal corpus (saline)
13114.thomas.18.s048	1646.0	Animal corpus	Host-associated	Animal	Animal corpus	Animal corpus (saline)
13114.thomas.18.s050	27399.0	Animal corpus	Host-associated	Animal	Animal corpus	Animal corpus (saline)
13114.thomas.18.s051	18704.0	Animal corpus	Host-associated	Animal	Animal corpus	Animal corpus (saline)
13114.thomas.18.s054	7184.0	Animal corpus	Host-associated	Animal	Animal corpus	Animal corpus (saline)
13114.thomas.19.s051	2086.0	Plant surface	Host-associated	Plant	Plant surface	Plant surface (saline)
13114.thomas.19.s052	4213.0	Plant surface	Host-associated	Plant	Plant surface	Plant surface (saline)
13114.thomas.19.s053	4905.0	Plant surface	Host-associated	Plant	Plant surface	Plant surface (saline)
13114.thomas.19.s057	2687.0	Plant surface	Host-associated	Plant	Plant surface	Plant surface (saline)
13114.thomas.19.s061	1099.0	Plant surface	Host-associated	Plant	Plant surface	Plant surface (saline)
13114.thomas.19.s063	1578.0	Plant surface	Host-associated	Plant	Plant surface	Plant surface (saline)
13114.tucker.58.s002	23.0	Subsurface (non-saline)	Free-living	Non-saline	Subsurface (non-saline)	Subsurface (non-saline)
13114.tucker.58.s010	633.0	Subsurface (non-saline)	Free-living	Non-saline	Subsurface (non-saline)	Subsurface (non-saline)
13114.uren.82.s011	4304.0	Fungus corpus	Host-associated	Fungus	Fungus corpus	Fungus corpus (non-saline)
13114.zaneveld.9.s009	23530.0	Animal secretion	Host-associated	Animal	Animal secretion	Animal secretion (saline)
13114.berry.2.s005	1746.0	Sediment (non-saline)	Free-living	Non-saline	Sediment (non-saline)	Sediment (non-saline)
13114.berry.2.s010	830.0	Sediment (non-saline)	Free-living	Non-saline	Sediment (non-saline)	Sediment (non-saline)
13114.bittleston.68.s013	190.0	Plant surface	Host-associated	Plant	Plant surface	Plant surface (non-saline)
13114.bowen.74.s001	7730.0	Sediment (saline)	Free-living	Saline	Sediment (saline)	Sediment (saline)
13114.bowen.74.s002	7913.0	Sediment (saline)	Free-living	Saline	Sediment (saline)	Sediment (saline)
13114.bowen.74.s003	8490.0	Sediment (saline)	Free-living	Saline	Sediment (saline)	Sediment (saline)
13114.bowen.74.s005	3944.0	Sediment (saline)	Free-living	Saline	Sediment (saline)	Sediment (saline)
13114.bowen.74.s009	6420.0	Sediment (saline)	Free-living	Saline	Sediment (saline)	Sediment (saline)
13114.bowen.74.s012	7551.0	Sediment (saline)	Free-living	Saline	Sediment (saline)	Sediment (saline)
13114.bowen.74.s014	4901.0	Sediment (saline)	Free-living	Saline	Sediment (saline)	Sediment (saline)
13114.bowen.74.s016	3775.0	Sediment (saline)	Free-living	Saline	Sediment (saline)	Sediment (saline)
13114.distel.72.s008	14413.0	Animal proximal gut	Host-associated	Animal	Animal proximal gut	Animal proximal gut (saline)
13114.distel.72.s009	4113.0	Animal proximal gut	Host-associated	Animal	Animal proximal gut	Animal proximal gut (saline)
13114.distel.72.s012	4119.0	Animal proximal gut	Host-associated	Animal	Animal proximal gut	Animal proximal gut (saline)
13114.distel.72.s014	52.0	Surface (saline)	Free-living	Saline	Surface (saline)	Surface (saline)
13114.girguis.50.s010	9343.0	Animal distal gut	Host-associated	Animal	Animal distal gut	Animal distal gut (saline)
13114.girguis.50.s011	9524.0	Animal distal gut	Host-associated	Animal	Animal distal gut	Animal distal gut (saline)
13114.jensen.43.s013	1533.0	Sediment (saline)	Free-living	Saline	Sediment (saline)	Sediment (saline)
13114.jensen.43.s018	948.0	Sediment (saline)	Free-living	Saline	Sediment (saline)	Sediment (saline)
13114.king.27.s002	12.0	Soil (non-saline)	Free-living	Non-saline	Soil (non-saline)	Soil (non-saline)
13114.king.27.s006	5.0	Soil (non-saline)	Free-living	Non-saline	Soil (non-saline)	Soil (non-saline)
13114.king.27.s007	2595.0	Soil (non-saline)	Free-living	Non-saline	Soil (non-saline)	Soil (non-saline)
13114.macrae.crerar.3.s007	50.0	Soil (non-saline)	Free-living	Non-saline	Soil (non-saline)	Soil (non-saline)
13114.makhalanyane.46.s006	5.0	Soil (non-saline)	Free-living	Non-saline	Soil (non-saline)	Soil (non-saline)
13114.makhalanyane.46.s007	294.0	Soil (non-saline)	Free-living	Non-saline	Soil (non-saline)	Soil (non-saline)
13114.makhalanyane.46.s008	2.0	Soil (non-saline)	Free-living	Non-saline	Soil (non-saline)	Soil (non-saline)
13114.makhalanyane.47.s007	36.0	Soil (non-saline)	Free-living	Non-saline	Soil (non-saline)	Soil (non-saline)
13114.makhalanyane.47.s009	2.0	Soil (non-saline)	Free-living	Non-saline	Soil (non-saline)	Soil (non-saline)
13114.mayer.33.s003	4340.0	Sediment (non-saline)	Free-living	Non-saline	Sediment (non-saline)	Sediment (non-saline)
13114.mayer.34.s005	8528.0	Sediment (non-saline)	Free-living	Non-saline	Sediment (non-saline)	Sediment (non-saline)
13114.mousseau.88.s003	6124.0	Animal distal gut	Host-associated	Animal	Animal distal gut	Animal distal gut (non-saline)
13114.mousseau.88.s006	2610.0	Animal distal gut	Host-associated	Animal	Animal distal gut	Animal distal gut (non-saline)
13114.mousseau.88.s012	275.0	Animal distal gut	Host-associated	Animal	Animal distal gut	Animal distal gut (non-saline)
13114.mousseau.88.s023	14088.0	Animal distal gut	Host-associated	Animal	Animal distal gut	Animal distal gut (non-saline)
13114.mousseau.88.s041	9612.0	Animal distal gut	Host-associated	Animal	Animal distal gut	Animal distal gut (non-saline)
13114.mousseau.88.s044	3207.0	Animal distal gut	Host-associated	Animal	Animal distal gut	Animal distal gut (non-saline)
13114.mousseau.88.s068	3832.0	Animal distal gut	Host-associated	Animal	Animal distal gut	Animal distal gut (non-saline)
13114.mousseau.88.s081	15188.0	Animal distal gut	Host-associated	Animal	Animal distal gut	Animal distal gut (non-saline)
13114.mousseau.88.s090	4145.0	Animal distal gut	Host-associated	Animal	Animal distal gut	Animal distal gut (non-saline)
13114.mousseau.88.s092	4247.0	Animal distal gut	Host-associated	Animal	Animal distal gut	Animal distal gut (non-saline)
13114.mousseau.88.s102	1270.0	Animal distal gut	Host-associated	Animal	Animal distal gut	Animal distal gut (non-saline)
13114.mousseau.88.s103	1583.0	Animal distal gut	Host-associated	Animal	Animal distal gut	Animal distal gut (non-saline)
13114.mousseau.88.s106	3477.0	Animal distal gut	Host-associated	Animal	Animal distal gut	Animal distal gut (non-saline)
13114.myrold.59.s007	5481.0	Soil (non-saline)	Free-living	Non-saline	Soil (non-saline)	Soil (non-saline)
13114.myrold.59.s008	3666.0	Soil (non-saline)	Free-living	Non-saline	Soil (non-saline)	Soil (non-saline)
13114.myrold.59.s014	148.0	Soil (non-saline)	Free-living	Non-saline	Soil (non-saline)	Soil (non-saline)
13114.myrold.59.s015	7900.0	Soil (non-saline)	Free-living	Non-saline	Soil (non-saline)	Soil (non-saline)
13114.myrold.59.s016	252.0	Soil (non-saline)	Free-living	Non-saline	Soil (non-saline)	Soil (non-saline)
13114.palenik.42.s004	291.0	Water (saline)	Free-living	Saline	Water (saline)	Water (saline)
13114.palenik.42.s005	12728.0	Water (saline)	Free-living	Saline	Water (saline)	Water (saline)
13114.palenik.42.s006	22924.0	Water (saline)	Free-living	Saline	Water (saline)	Water (saline)
13114.palenik.42.s008	26482.0	Water (saline)	Free-living	Saline	Water (saline)	Water (saline)
13114.palenik.42.s010	18186.0	Water (saline)	Free-living	Saline	Water (saline)	Water (saline)
13114.palenik.42.s011	23084.0	Water (saline)	Free-living	Saline	Water (saline)	Water (saline)
13114.palenik.42.s020	19512.0	Water (saline)	Free-living	Saline	Water (saline)	Water (saline)
13114.pinto.63.s002	4178588.0	Plant corpus	Host-associated	Plant	Plant corpus	Plant corpus (non-saline)
13114.pinto.63.s005	7735246.0	Plant corpus	Host-associated	Plant	Plant corpus	Plant corpus (non-saline)
13114.pinto.63.s007	18079501.0	Plant corpus	Host-associated	Plant	Plant corpus	Plant corpus (non-saline)
13114.pinto.63.s008	330450.0	Plant corpus	Host-associated	Plant	Plant corpus	Plant corpus (non-saline)
13114.pinto.63.s020	46648.0	Plant corpus	Host-associated	Plant	Plant corpus	Plant corpus (non-saline)
13114.pinto.63.s023	62120.0	Plant corpus	Host-associated	Plant	Plant corpus	Plant corpus (non-saline)
13114.pinto.63.s027	110022.0	Plant corpus	Host-associated	Plant	Plant corpus	Plant corpus (non-saline)
13114.rohwer.84.s008	6802.0	Soil (non-saline)	Free-living	Non-saline	Soil (non-saline)	Soil (non-saline)
13114.rohwer.85.s012	71143.0	Sediment (saline)	Free-living	Saline	Sediment (saline)	Sediment (saline)
13114.rohwer.85.s013	675.0	Sediment (saline)	Free-living	Saline	Sediment (saline)	Sediment (saline)
13114.rohwer.85.s014	3609.0	Sediment (saline)	Free-living	Saline	Sediment (saline)	Sediment (saline)
13114.rohwer.85.s015	80.0	Sediment (saline)	Free-living	Saline	Sediment (saline)	Sediment (saline)
13114.rohwer.85.s017	140.0	Sediment (saline)	Free-living	Saline	Sediment (saline)	Sediment (saline)
13114.rohwer.85.s018	548.0	Sediment (saline)	Free-living	Saline	Sediment (saline)	Sediment (saline)
13114.rohwer.86.s002	11833.0	Sediment (saline)	Free-living	Saline	Sediment (saline)	Sediment (saline)
13114.roy.chowdhury.45.s004	11868.0	Soil (non-saline)	Free-living	Non-saline	Soil (non-saline)	Soil (saline)
13114.roy.chowdhury.45.s012	53.0	Soil (non-saline)	Free-living	Non-saline	Soil (non-saline)	Soil (saline)
13114.roy.chowdhury.45.s022	49.0	Soil (non-saline)	Free-living	Non-saline	Soil (non-saline)	Soil (saline)
13114.roy.chowdhury.45.s023	579.0	Soil (non-saline)	Free-living	Non-saline	Soil (non-saline)	Soil (saline)
13114.sandin.54.s003	170.0	Animal proximal gut	Host-associated	Animal	Animal proximal gut	Animal proximal gut (saline)
13114.schmidt.56.s001	5.0	Soil (non-saline)	Free-living	Non-saline	Soil (non-saline)	Soil (non-saline)
13114.schmidt.56.s006	30.0	Soil (non-saline)	Free-living	Non-saline	Soil (non-saline)	Soil (non-saline)
13114.schmidt.56.s007	1002.0	Soil (non-saline)	Free-living	Non-saline	Soil (non-saline)	Soil (non-saline)
13114.schmidt.56.s013	3.0	Soil (non-saline)	Free-living	Non-saline	Soil (non-saline)	Soil (non-saline)
13114.schmidt.56.s017	2325.0	Soil (non-saline)	Free-living	Non-saline	Soil (non-saline)	Soil (non-saline)
13114.schmidt.56.s018	3.0	Soil (non-saline)	Free-living	Non-saline	Soil (non-saline)	Soil (non-saline)
13114.schmidt.56.s021	4.0	Soil (non-saline)	Free-living	Non-saline	Soil (non-saline)	Soil (non-saline)
13114.schmidt.56.s025	1557.0	Soil (non-saline)	Free-living	Non-saline	Soil (non-saline)	Soil (non-saline)
13114.seedorf.71.s002	4181.0	Soil (non-saline)	Free-living	Non-saline	Soil (non-saline)	Soil (non-saline)
13114.seedorf.71.s004	14043.0	Soil (non-saline)	Free-living	Non-saline	Soil (non-saline)	Soil (non-saline)
13114.seedorf.71.s005	1.0	Soil (non-saline)	Free-living	Non-saline	Soil (non-saline)	Soil (non-saline)
13114.seedorf.71.s012	7293.0	Soil (non-saline)	Free-living	Non-saline	Soil (non-saline)	Soil (non-saline)
13114.seedorf.71.s013	2591.0	Soil (non-saline)	Free-living	Non-saline	Soil (non-saline)	Soil (non-saline)
13114.shade.23.s004	34077.0	Soil (non-saline)	Free-living	Non-saline	Soil (non-saline)	Soil (non-saline)
13114.shade.23.s005	599.0	Soil (non-saline)	Free-living	Non-saline	Soil (non-saline)	Soil (non-saline)
13114.shade.23.s010	13133.0	Soil (non-saline)	Free-living	Non-saline	Soil (non-saline)	Soil (non-saline)
13114.song.51.s004	32449.0	Animal distal gut	Host-associated	Animal	Animal distal gut	Animal distal gut (non-saline)
13114.song.51.s018	81179.0	Animal distal gut	Host-associated	Animal	Animal distal gut	Animal distal gut (non-saline)
13114.song.52.s008	12339.0	Animal distal gut	Host-associated	Animal	Animal distal gut	Animal distal gut (non-saline)
13114.stegen.36.s006	4194.0	Soil (non-saline)	Free-living	Non-saline	Soil (non-saline)	Soil (non-saline)
13114.stegen.36.s014	538.0	Soil (non-saline)	Free-living	Non-saline	Soil (non-saline)	Soil (non-saline)
13114.stegen.37.s002	42.0	Sediment (non-saline)	Free-living	Non-saline	Sediment (non-saline)	Sediment (non-saline)
13114.stegen.37.s007	4.0	Sediment (non-saline)	Free-living	Non-saline	Sediment (non-saline)	Sediment (non-saline)
13114.stegen.37.s008	22.0	Sediment (non-saline)	Free-living	Non-saline	Sediment (non-saline)	Sediment (non-saline)
13114.stegen.37.s010	106.0	Sediment (non-saline)	Free-living	Non-saline	Sediment (non-saline)	Sediment (non-saline)
13114.stegen.38.s004	215.0	Soil (non-saline)	Free-living	Non-saline	Soil (non-saline)	Soil (non-saline)
13114.tait.78.s003	11373.0	Sediment (saline)	Free-living	Saline	Sediment (saline)	Sediment (saline)
13114.thomas.18.s010	5.0	Animal corpus	Host-associated	Animal	Animal corpus	Animal corpus (saline)
13114.thomas.18.s016	3005.0	Animal corpus	Host-associated	Animal	Animal corpus	Animal corpus (saline)
13114.thomas.18.s029	14502.0	Animal corpus	Host-associated	Animal	Animal corpus	Animal corpus (saline)
13114.thomas.18.s030	10157.0	Animal corpus	Host-associated	Animal	Animal corpus	Animal corpus (saline)
13114.thomas.18.s035	2868.0	Animal corpus	Host-associated	Animal	Animal corpus	Animal corpus (saline)
13114.thomas.18.s037	6461.0	Animal corpus	Host-associated	Animal	Animal corpus	Animal corpus (saline)
13114.thomas.18.s038	13592.0	Animal corpus	Host-associated	Animal	Animal corpus	Animal corpus (saline)
13114.thomas.18.s039	17117.0	Animal corpus	Host-associated	Animal	Animal corpus	Animal corpus (saline)
13114.thomas.18.s045	1912.0	Animal corpus	Host-associated	Animal	Animal corpus	Animal corpus (saline)
13114.thomas.18.s049	1.0	Animal corpus	Host-associated	Animal	Animal corpus	Animal corpus (saline)
13114.thomas.18.s052	19954.0	Animal corpus	Host-associated	Animal	Animal corpus	Animal corpus (saline)
13114.thomas.18.s053	18338.0	Animal corpus	Host-associated	Animal	Animal corpus	Animal corpus (saline)
13114.thomas.18.s055	7043.0	Animal corpus	Host-associated	Animal	Animal corpus	Animal corpus (saline)
13114.thomas.18.s056	6414.0	Animal corpus	Host-associated	Animal	Animal corpus	Animal corpus (saline)
13114.thomas.18.s057	4973.0	Animal corpus	Host-associated	Animal	Animal corpus	Animal corpus (saline)
13114.thomas.19.s050	2193.0	Plant surface	Host-associated	Plant	Plant surface	Plant surface (saline)
13114.thomas.19.s054	1789.0	Plant surface	Host-associated	Plant	Plant surface	Plant surface (saline)
13114.thomas.19.s055	8144.0	Plant surface	Host-associated	Plant	Plant surface	Plant surface (saline)
13114.thomas.19.s056	2852.0	Plant surface	Host-associated	Plant	Plant surface	Plant surface (saline)
13114.thomas.19.s058	1642.0	Plant surface	Host-associated	Plant	Plant surface	Plant surface (saline)
13114.thomas.19.s059	16.0	Plant surface	Host-associated	Plant	Plant surface	Plant surface (saline)
13114.thomas.19.s060	5210.0	Plant surface	Host-associated	Plant	Plant surface	Plant surface (saline)
13114.thomas.19.s062	1262.0	Plant surface	Host-associated	Plant	Plant surface	Plant surface (saline)
13114.thomas.19.s064	4637.0	Plant surface	Host-associated	Plant	Plant surface	Plant surface (saline)
13114.tucker.58.s004	121.0	Subsurface (non-saline)	Free-living	Non-saline	Subsurface (non-saline)	Subsurface (non-saline)
13114.tucker.58.s007	3.0	Subsurface (non-saline)	Free-living	Non-saline	Subsurface (non-saline)	Subsurface (non-saline)
13114.uren.82.s003	12555.0	Fungus corpus	Host-associated	Fungus	Fungus corpus	Fungus corpus (non-saline)
13114.uren.82.s007	6233.0	Fungus corpus	Host-associated	Fungus	Fungus corpus	Fungus corpus (non-saline)
13114.zaneveld.9.s002	7009.0	Animal secretion	Host-associated	Animal	Animal secretion	Animal secretion (saline)
13114.zaneveld.9.s018	8304.0	Animal secretion	Host-associated	Animal	Animal secretion	Animal secretion (saline)
13114.girguis.50.s006	1663.0	Animal distal gut	Host-associated	Animal	Animal distal gut	Animal distal gut (saline)
13114.girguis.50.s007	5464.0	Animal distal gut	Host-associated	Animal	Animal distal gut	Animal distal gut (saline)
13114.girguis.50.s012	22748.0	Animal distal gut	Host-associated	Animal	Animal distal gut	Animal distal gut (saline)
13114.mousseau.88.s004	2.0	Animal distal gut	Host-associated	Animal	Animal distal gut	Animal distal gut (non-saline)
13114.mousseau.88.s010	5447.0	Animal distal gut	Host-associated	Animal	Animal distal gut	Animal distal gut (non-saline)
13114.mousseau.88.s015	311.0	Animal distal gut	Host-associated	Animal	Animal distal gut	Animal distal gut (non-saline)
13114.mousseau.88.s024	4714.0	Animal distal gut	Host-associated	Animal	Animal distal gut	Animal distal gut (non-saline)
13114.mousseau.88.s031	1412.0	Animal distal gut	Host-associated	Animal	Animal distal gut	Animal distal gut (non-saline)
13114.mousseau.88.s037	7841.0	Animal distal gut	Host-associated	Animal	Animal distal gut	Animal distal gut (non-saline)
13114.mousseau.88.s040	5506.0	Animal distal gut	Host-associated	Animal	Animal distal gut	Animal distal gut (non-saline)
13114.mousseau.88.s042	3418.0	Animal distal gut	Host-associated	Animal	Animal distal gut	Animal distal gut (non-saline)
13114.mousseau.88.s051	1729.0	Animal distal gut	Host-associated	Animal	Animal distal gut	Animal distal gut (non-saline)
13114.mousseau.88.s064	4895.0	Animal distal gut	Host-associated	Animal	Animal distal gut	Animal distal gut (non-saline)
13114.mousseau.88.s071	438.0	Animal distal gut	Host-associated	Animal	Animal distal gut	Animal distal gut (non-saline)
13114.mousseau.88.s072	385.0	Animal distal gut	Host-associated	Animal	Animal distal gut	Animal distal gut (non-saline)
13114.mousseau.88.s075	2028.0	Animal distal gut	Host-associated	Animal	Animal distal gut	Animal distal gut (non-saline)
13114.mousseau.88.s076	5231.0	Animal distal gut	Host-associated	Animal	Animal distal gut	Animal distal gut (non-saline)
13114.mousseau.88.s077	4.0	Animal distal gut	Host-associated	Animal	Animal distal gut	Animal distal gut (non-saline)
13114.mousseau.88.s080	5218.0	Animal distal gut	Host-associated	Animal	Animal distal gut	Animal distal gut (non-saline)
13114.mousseau.88.s082	255.0	Animal distal gut	Host-associated	Animal	Animal distal gut	Animal distal gut (non-saline)
13114.mousseau.88.s083	4348.0	Animal distal gut	Host-associated	Animal	Animal distal gut	Animal distal gut (non-saline)
13114.mousseau.88.s089	8880.0	Animal distal gut	Host-associated	Animal	Animal distal gut	Animal distal gut (non-saline)
13114.mousseau.88.s091	6872.0	Animal distal gut	Host-associated	Animal	Animal distal gut	Animal distal gut (non-saline)
13114.mousseau.88.s093	3899.0	Animal distal gut	Host-associated	Animal	Animal distal gut	Animal distal gut (non-saline)
13114.mousseau.88.s108	6577.0	Animal distal gut	Host-associated	Animal	Animal distal gut	Animal distal gut (non-saline)
13114.mousseau.88.s109	5792.0	Animal distal gut	Host-associated	Animal	Animal distal gut	Animal distal gut (non-saline)
13114.mousseau.88.s110	2217.0	Animal distal gut	Host-associated	Animal	Animal distal gut	Animal distal gut (non-saline)
13114.song.51.s001	12.0	Animal distal gut	Host-associated	Animal	Animal distal gut	Animal distal gut (non-saline)
13114.song.51.s003	26491.0	Animal distal gut	Host-associated	Animal	Animal distal gut	Animal distal gut (non-saline)
13114.song.51.s006	16397.0	Animal distal gut	Host-associated	Animal	Animal distal gut	Animal distal gut (non-saline)
13114.song.51.s016	32316.0	Animal distal gut	Host-associated	Animal	Animal distal gut	Animal distal gut (non-saline)
13114.song.51.s017	4245.0	Animal distal gut	Host-associated	Animal	Animal distal gut	Animal distal gut (non-saline)
13114.song.52.s004	5384.0	Animal distal gut	Host-associated	Animal	Animal distal gut	Animal distal gut (non-saline)
