taxid	reads_length
ERR11641275	27074
ERR11641224	166748
ERR11641281	11184
ERR11641274	424870
ERR11641283	66008
ERR11641227	612790
ERR11641279	713730
ERR11641277	859724
ERR11641222	1515446
ERR11641472	50912
ERR11641282	1527512
ERR11641473	34644
ERR11641474	193888
ERR11641475	707708
ERR11641276	2867846
DRR000714	7945318
DRR000713	11442510
ERR11641225	5828940
ERR11641284	5908982
ERR11641206	10113606
ERR11641210	9547144
ERR11641226	9570548
ERR11641285	10660820
ERR11641476	11110150
ERR11641695	10589088
ERR11642240	812426
ERR11641223	12838228
ERR11641273	14475550
ERR11642251	50288
ERR11642252	55278
ERR11642233	4384268
ERR11642242	2396886
ERR11641286	15503514
ERR11641217	16920102
ERR11642235	6078028
ERR11641278	17386522
ERR11642609	28226
ERR11642610	20304
ERR11642229	8037092
ERR11642615	738590
ERR11642613	1826260
ERR11642616	402954
ERR11642617	916204
ERR11641696	17930260
ERR11641219	21048510
ERR11641280	21307186
ERR11641216	21857782
ERR11641208	20818522
ERR11647607	8716
ERR11647608	30208
ERR11647610	150644
ERR11647611	28876
ERR11642211	16596860
ERR11641220	21414456
ERR11647613	67032
ERR11647612	161338
ERR11641221	22036462
ERR11647637	2586212
ERR11718191	1466798
ERR11641471	25441606
ERR11642608	9692616
ERR11642232	18573566
ERR11641694	26180158
ERR11718190	3847286
ERR11642596	14976006
ERR11718193	2821106
ERR11642673	10863864
ERR11718195	3000112
ERR11641213	29591486
ERR11718194	4199262
ERR11642600	17207050
ERR11642250	19806572
ERR11718199	2245604
ERR11718192	5203660
ERR11718198	3022648
ERR11718201	1705548
ERR11718203	1385516
ERR11647606	12715114
ERR11865279	1020
ERR11865280	247128
ERR11865281	14734
ERR11865282	552580
ERR11718205	1748956
ERR11642280	22283818
ERR11718202	3344478
ERR11718196	5297792
ERR11718197	5403412
ERR11642602	21435090
ERR11865276	3321934
ERR11718200	4662608
ERR11641947	32373892
ERR11718206	2788776
ERR11865277	3471678
ERR11865278	3983030
ERR11865284	2562244
ERR11865285	3367396
ERR11642671	20313426
ERR11865292	1502944
ERR11718207	3916876
ERR11865283	4135884
ERR11865288	2925436
ERR11865289	2875408
ERR11865286	3807890
ERR11865287	3798576
ERR11865293	3266868
ERR11865297	1930670
ERR11865296	2587150
ERR11865294	3283078
ERR11865291	3775302
ERR11865290	3989350
ERR11865295	3107352
ERR11865300	2460712
ERR11642305	29543910
ERR11865298	3441656
ERR11865304	2271690
ERR11641272	44630946
ERR11718204	7162362
ERR11865301	3348920
ERR11718208	6238980
ERR11865299	4169542
ERR11642248	31572996
ERR11865305	3153750
ERR11865302	3993240
ERR11865309	2959322
ERR11865306	3350696
ERR11647632	23144646
ERR11865308	3340374
ERR11865312	2937754
ERR11865316	1805846
ERR11865307	3667442
ERR11865320	1637792
ERR11865328	886562
ERR11865311	4086844
ERR11865310	4071192
ERR11865303	5615918
ERR11865324	2020182
ERR11865313	3998662
ERR11865332	1280944
ERR11865317	3380678
ERR11865321	2855682
ERR11865315	3635388
ERR11865319	3274360
ERR11865314	4174318
ERR11865325	2551806
ERR11865336	1079508
ERR11865318	3561900
ERR11865329	2568230
ERR11865322	3755056
ERR11865340	1052188
ERR11865327	3042216
ERR11865323	3763122
ERR11865331	3413650
ERR11865330	3854746
ERR11865326	4103258
ERR11865333	3189250
ERR11865344	1959258
ERR11865335	3211568
ERR11865338	2961682
ERR11865334	3924746
ERR11865348	2662248
ERR11865337	3860924
ERR11865345	3637742
ERR11865341	3645714
ERR11641215	53609826
ERR11865342	4039096
ERR11865351	3287496
ERR11642664	34580362
ERR11865352	3370724
ERR11865346	4823354
ERR11865349	4304870
ERR11865343	5116158
ERR11865339	5565760
ERR11865357	3205792
ERR11865353	3414598
ERR11865350	4214398
ERR11865354	3522536
ERR11865347	5237312
ERR11865355	3666642
ERR11865358	3751670
ERR11865356	3897738
ERR11865364	2335640
ERR11865367	2002306
ERR11865359	3829562
ERR11641218	52202626
ERR11865362	3780824
ERR11865361	3920494
ERR11865360	4388140
ERR11865365	3865492
ERR11865363	4384732
ERR11865371	3611752
ERR11865385	1818052
ERR11647604	37949936
ERR11865378	3199674
ERR11865368	4810802
ERR11865369	4546532
ERR11865377	3602426
ERR11865370	3891648
ERR11865373	4103048
ERR11865381	3143830
ERR11865375	4251262
ERR11865386	2476452
ERR11865372	4656352
ERR11865374	4597640
ERR11865380	4036986
ERR11865382	4067026
ERR11865376	4501806
ERR11865379	4773962
ERR11865383	4289856
ERR11865389	3155362
ERR11865387	3895944
ERR11865390	3279540
ERR11865397	2378508
ERR11865393	3035406
ERR11865384	4929082
ERR11865391	3189202
ERR11865394	3113684
ERR11865388	3837104
ERR11865401	2842178
ERR11865392	3771498
ERR11865402	2900324
ERR11865398	3308362
ERR11865395	3776022
ERR11865396	3801062
ERR11865405	2746336
ERR11865400	3829832
ERR11865403	3794184
ERR11865399	4509128
ERR11865407	3179860
ERR11865404	3829564
ERR1638125	41369
ERR11865409	3279320
ERR1638127	49789
ERR1638128	41155
ERR1638129	54665
ERR11865413	2436436
ERR1638132	34414
ERR1638130	102857
ERR1638134	29314
ERR11865410	3353284
ERR1638171	31
ERR1638176	62
ERR1638177	2769
ERR1638178	84
ERR1638131	134747
ERR1638140	38339
ERR1638133	77075
ERR11865408	3982596
ERR11865406	4051368
ERR1638137	80584
ERR1653131	76386
ERR1653135	68264
ERR1653132	150192
ERR1653129	176413
ERR1653136	136476
ERR1653141	36190
ERR1653137	153137
ERR1653130	237089
ERR1653138	149058
ERR1653139	200553
ERR1653143	97554
ERR1653145	98895
ERR1981156	149196
ERR11865422	2592418
ERR1981157	146421
ERR1653142	229957
ERR1981158	174784
ERR1653140	260048
ERR1653146	217308
ERR11865411	3973558
ERR11865412	3931362
ERR1981159	278652
ERR1981163	172176
ERR11865417	3296512
ERR1981160	378632
ERR11865421	3077044
ERR1981161	302410
ERR1981162	332632
ERR1981165	393174
ERR1981164	411390
ERR11865418	3830318
ERR11865414	4025820
ERR11865416	4073764
ERR2014795	149193
ERR2014796	146412
ERR2014797	174786
ERR11865415	4151438
ERR2014798	278652
ERR2014802	172176
ERR11641881	62692560
ERR2014800	302418
ERR2014801	332628
ERR2014799	378636
ERR1981169	563130
ERR11647578	47048006
ERR2014803	411406
ERR1981168	702960
ERR1981167	727062
ERR1981166	729368
ERR2014804	393152
ERR1981170	720832
ERR11865420	4205046
ERR11865419	4070650
ERR1981174	700488
ERR1981172	707860
ERR2021948	189019
ERR2021950	133627
ERR2021947	242349
ERR11865424	4125208
ERR1981171	880438
ERR11865423	4304104
ERR1981173	831232
ERR11865442	3195532
ERR11865425	4222134
ERR1981175	846364
ERR11865426	3814132
ERR2021949	348282
ERR2014805	729366
ERR2014806	727064
ERR2014807	702960
ERR2014809	720832
ERR2014811	707860
ERR11865432	4410124
ERR2014814	846362
ERR2212283	4380460
ERR2212271	5408908
ERR2212278	5448772
ERR2212277	5653048
ERR11865366	17585528
ERR2212284	5558944
ERR2212269	7514706
ERR2212270	7878046
ERR2212279	7484382
ERR2212276	8241954
ERR2212280	7959790
ERR2212281	8420374
ERR2212286	4085466
ERR2212282	8494146
ERR2212275	9262672
ERR2212267	9997210
ERR2212273	10002704
ERR2212285	9261444
ERR2212293	2605848
ERR2212304	661620
ERR2212296	3790894
ERR2212274	12547164
ERR2212298	3559474
ERR2212303	1456214
ERR2226381	0
ERR2226382	0
ERR2226383	0
ERR2226384	0
ERR2226385	0
ERR2226386	0
ERR2212305	889308
ERR2212306	1084250
ERR2212272	15026614
ERR2212308	1430870
ERR2212289	9973386
ERR2212307	2319864
ERR2231567	1605908
ERR2212299	8247544
ERR2212288	11650030
ERR2212297	8976550
ERR2231569	1874078
ERR2212302	8686386
ERR2212287	13672754
ERR2212301	9467032
ERR2982980	499100
ERR2982981	538458
ERR2231571	2384684
ERR2231568	3392750
ERR3141387	175968
ERR2982982	612810
ERR3141386	203924
ERR2982983	461064
ERR3141389	226740
ERR3141391	147440
ERR2212290	14468594
ERR2982984	480356
ERR3141390	260710
ERR3141392	204842
ERR3141388	434644
ERR3141393	245688
ERR3141395	235778
ERR3141397	89912
ERR3141399	154194
ERR3141401	119114
ERR3141400	130362
ERR3141398	254340
ERR3141396	353064
ERR3141404	84034
ERR3141402	113030
ERR3141403	131010
ERR3141394	507924
ERR3141408	132716
ERR3141406	254368
ERR3141405	291294
ERR3141407	339684
ERR3141411	244122
ERR3141409	335960
ERR3141413	140792
ERR3141410	309186
ERR3141412	187530
ERR3141415	94304
ERR3141414	159666
ERR3141417	161962
ERR3141416	174926
ERR3141418	227174
ERR3141421	107816
ERR3141420	170690
ERR3141422	146796
ERR3141419	250884
ERR2212294	14937362
ERR3141427	111716
ERR3141423	228650
ERR3141426	186998
ERR3141424	212736
ERR3141425	227828
ERR3141428	176642
ERR3141430	112710
ERR3141433	97508
ERR3141434	65464
ERR3141432	138316
ERR3141435	105456
ERR3141431	174046
ERR3141429	245982
ERR3141437	117098
ERR3141436	152660
ERR3141440	176990
ERR3141439	190394
ERR3141442	156224
ERR3141443	200992
ERR2231570	4045216
ERR3141447	184838
ERR3141444	284910
ERR3141441	370748
ERR3141445	262274
ERR2212292	16622414
ERR3141454	32134
ERR3141438	515122
ERR3141448	281564
ERR3141452	226610
ERR3141450	250230
ERR3141449	267616
ERR3141453	243990
ERR3141446	473998
ERR3141451	309610
ERR3141459	137098
ERR3141456	315202
ERR3141460	183154
ERR3141462	147454
ERR3141461	185734
ERR3141457	284232
ERR3141458	250722
ERR3141455	394442
ERR3141466	96972
ERR3141464	169890
ERR3141468	103082
ERR3141463	228000
ERR3141465	161540
ERR3141469	131276
ERR3141470	132014
ERR3141467	194468
ERR3141471	152908
ERR3141473	138008
ERR3141475	151680
ERR3141472	188168
ERR3141474	141340
ERR3141476	145304
ERR3141477	176036
ERR3141479	157114
ERR3141478	194436
ERR3141480	157112
ERR2212295	16693996
ERR3141482	193632
ERR3141494	160722
ERR3141496	95370
ERR3141486	190330
ERR3141495	199440
ERR3141484	293524
ERR2231572	4295894
ERR2212300	16223644
ERR3143462	627258
ERR3143466	700104
ERR3143470	765134
ERR3143463	880098
ERR3143465	893860
ERR3143464	916942
ERR3143467	984992
ERR3143461	1143368
ERR3143472	1009462
ERR3143469	1045040
ERR3143473	924708
ERR3143474	597414
ERR3143471	1196694
ERR3143475	1070490
ERR2212291	23506384
ERR3340756	3492888
ERR3340747	4863082
ERR3340753	4232456
ERR3340751	4584412
ERR3340749	5085202
ERR3340750	4879330
ERR3340748	5167218
ERR3340746	5365618
ERR3340754	4669922
ERR3340752	5540656
ERR3340763	2030568
ERR3340755	6134678
ERR3340758	4454198
ERR3340766	2900362
ERR3340757	6376198
ERR3340760	4015066
ERR3340771	1724248
ERR3340759	4992958
ERR3340764	5145696
ERR3340761	5469356
ERR3340762	5481660
ERR3340768	4134912
ERR3340767	4533682
ERR3340765	5478786
ERR3340772	4054106
DRR205702	112992078
ERR3340769	5614030
DRR205701	113438276
ERR3340773	4440494
ERR3340777	3123100
ERR3340776	4092248
ERR3340774	5181804
ERR3340788	760402
ERR3340770	6567074
ERR3340775	5283800
ERR3340782	3778636
ERR3340779	4697362
ERR3340778	4932558
ERR3340786	2937518
ERR3340784	3681372
ERR2212268	44197664
ERR3340789	3217486
ERR3340783	4093282
ERR3340781	6123400
ERR3340787	3852162
ERR3340791	3437244
ERR3340780	7173124
ERR3340796	2999460
ERR3340794	3744258
ERR3340793	4149584
ERR3340785	6350668
ERR3340803	2165294
ERR3340795	3891354
ERR3340790	5417456
ERR3340800	3726834
ERR3340797	4228826
ERR3340799	4077296
ERR3340811	1267872
ERR3340805	2719672
ERR3340798	5102618
ERR3340807	2891634
ERR3340802	4827426
ERR3340804	3633976
ERR3340809	2790186
ERR3340812	3214172
ERR3340806	4107698
ERR3340810	3433328
ERR3479077	419162
ERR3479076	634266
ERR3340801	6985328
ERR3340817	2555116
ERR3479078	750790
ERR3479080	472128
ERR3479079	552338
ERR3340792	9728284
ERR3479085	173190
ERR3479081	617838
ERR3479082	570520
ERR3964979	83500
ERR3964980	111500
ERR3340816	3538386
ERR3479087	489028
ERR3479086	706940
ERR3340814	4060924
ERR3479083	1236232
ERR3340808	6436564
ERR3479084	1266304
ERR3340815	4255358
ERR3340820	4139376
ERR3340821	4242482
ERR3340818	4363438
ERR3340822	4622636
ERR3340813	8187580
DRR205703	131517470
ERR4142722	203456
ERR4142708	5450812
ERR4142721	1352872
ERR4142709	5472322
ERR4142716	5153670
ERR4142712	5324698
ERR4142710	5528194
ERR4142713	5277982
ERR4142707	6530960
ERR4142714	6012126
ERR4142715	5383476
ERR4142717	5985100
ERR4757808	989392
ERR4142711	7244352
ERR4142718	6416818
ERR4142723	4138188
ERR4142720	7121144
ERR4142719	8696104
ERR4142724	5069138
ERR4757809	4006572
ERR4757803	5050630
ERR4757806	5104230
ERR4757804	5891080
ERR4757820	966676
ERR4757811	4873662
ERR4757821	1310486
ERR4757807	6007254
ERR4757810	5700382
ERR4757805	6397826
ERR3340819	14491508
ERR4757814	5341686
ERR4757813	6259556
ERR4757815	6130896
ERR4757812	7046886
ERR4757816	5438050
ERR4757818	4271602
ERR4757817	5414048
ERR4757832	1110600
ERR4757819	4635280
ERR4757822	5877422
ERR4757826	4957724
ERR4757828	4875858
ERR4757824	6074174
ERR4757823	6324316
ERR4757825	6385778
ERR4757827	6188910
ERR4757844	631320
ERR4757829	6077894
ERR4757831	6107314
ERR4757839	4353674
ERR4757834	6184530
ERR4757833	6529644
ERR4757837	5827852
ERR4757841	3919518
ERR4757835	6608114
ERR4757836	6632232
ERR4757830	8586100
ERR4757847	3795682
ERR4757838	7219758
ERR4757845	5304372
ERR4757842	6063958
ERR4757846	5429908
ERR4757843	6824350
ERR4757849	5058902
ERR4757848	6310052
ERR2437613	59206278
ERR4757850	5800018
ERR4757851	5679774
ERR4757840	9007104
ERR2135457	75965392
ERR4757852	5948550
ERR4757854	5273496
ERR4757857	5265188
ERR4757859	4959058
ERR4757855	6375960
ERR4757858	5219748
ERR4757856	6244988
ERR4757853	6938754
ERR4757860	5478518
ERR752914	4088063
ERR752910	6288851
ERR752911	7103545
ERR752918	5844056
SRR10454481	4559084
ERR752917	6471365
SRR10454482	4515404
ERR752912	8139092
SRR10454483	4892376
SRR10454486	5207060
ERR752915	8952747
SRR10454484	6020182
ERR752916	8805644
SRR10454487	5346946
ERR752913	9826513
SRR10454488	6030850
SRR10454489	5348084
SRR10454485	8409166
SRR10454502	1803194
SRR10454491	5111182
SRR10454492	5064254
SRR10454493	4774154
SRR10454499	2490950
SRR10454501	3272920
SRR10454494	5637840
ERR2135519	85488400
SRR10454497	4754104
SRR10454496	5730732
SRR10454495	5933530
SRR10454500	4731240
SRR10454490	8117264
SRR10454498	5472496
SRR10454503	5400232
SRR10454507	4201198
SRR10454504	5350520
SRR10454505	5059390
SRR10454518	1953400
ERR2126384	90734626
SRR10454508	5157102
SRR10454509	5245796
SRR10454516	3605192
SRR10454510	5356904
SRR10454506	6026320
ERR752919	16959284
SRR10454519	4401054
SRR10454512	6130328
SRR10454515	5815704
SRR10454511	6704962
SRR10454513	6775576
ERR2133080	95028852
SRR11602138	4499620
SRR10454514	7150010
SRR10454520	4816714
SRR10454517	6718410
ERR2135518	95574546
ERR2135449	99920206
SRR10997048	10043018
ERR2102261	105665326
ERR2437614	94209398
ERR2401481	101321622
ERR2401480	101811460
SRR11602141	24054990
SRR11602144	21654742
SRR11602145	27083058
SRR10997050	24567602
SRR11602142	30107432
SRR11602140	31355592
SRR10997046	27831414
SRR11602143	30365830
SRR11602146	33196836
SRR11602139	35805080
SRR11602147	35808424
SRR10997047	32653848
SRR10997049	33241520
SRR11605261	9963682
SRR11605259	11396456
SRR11605262	8315262
SRR11605260	12399422
SRR11602148	36579296
SRR11605265	8886588
SRR11605267	8212796
SRR11605263	12462084
SRR11605266	11060658
SRR11602149	40001488
SRR11605268	8120706
SRR11602151	29935952
SRR11910122	354162
SRR11605269	8162342
SRR11602150	36385248
SRR11605264	14312482
SRR11910123	576416
SRR11910124	772164
SRR11910125	744918
SRR11910126	813904
SRR11910127	841532
SRR11036332	47247026
SRR10664431	48958272
SRR11910129	1209078
SRR11910133	276886
SRR11910130	1419736
SRR11910136	244354
ERR2401482	127258390
SRR11910135	357906
SRR11910137	73362
SRR11910134	512960
SRR11910132	1793944
SRR11910128	2441120
SRR10664430	48552234
SRR11605271	11127416
SRR11910145	35058
SRR10664433	46496936
SRR11605272	11357358
SRR11910131	2679836
SRR11910146	660086
SRR11605270	13340552
SRR11605274	9479682
SRR11910143	642922
SRR11910139	1796950
SRR11910148	992768
SRR11910144	1543634
SRR11602152	33116666
SRR11910151	1042038
SRR11910142	2182394
SRR11910155	379076
SRR11910150	1303982
SRR11910140	2586190
SRR11910152	1024214
SRR11910153	1217818
SRR11910157	811966
SRR11910159	608700
SRR11605273	11093962
SRR11910158	1014816
SRR11910154	904782
SRR11910165	300622
SRR11910167	434088
SRR11910160	1019414
SRR11910149	2601742
SRR11910166	368742
SRR11910168	513628
SRR11910170	522294
SRR11910147	3813340
SRR11910169	936222
SRR11910173	1495284
SRR11910175	1335240
SRR11910162	2798534
SRR11910138	5312456
SRR11910172	1913482
SRR11910164	2722520
SRR11910178	1091414
SRR11910161	1668350
SRR11910177	1409580
SRR11910176	1960242
SRR11910182	1018394
SRR11910183	1027272
SRR11910188	365048
SRR11910186	1096722
SRR11910174	3315268
SRR11910163	4552766
ERR2401479	132866976
SRR11910189	488804
SRR11910156	5209630
SRR11910190	512680
SRR11910179	2426670
SRR11910180	2148790
SRR11910194	353566
SRR11910191	654922
SRR11910198	518324
SRR11910192	676018
SRR11910185	2593292
SRR11910196	529456
SRR11910199	982062
SRR11910187	2671192
SRR11910202	704882
SRR11910201	877640
SRR11910197	732114
SRR11910171	5277298
SRR11910200	1905766
SRR11602153	42794304
SRR11910203	1630086
SRR11910207	1202072
SRR11602154	42297606
SRR11910195	1630204
SRR11910211	1476450
SRR11910206	1919082
SRR11910209	1832066
SRR11910208	2003992
SRR11910213	1064006
SRR11910215	564190
SRR11910212	1572572
SRR11910210	2141508
SRR11910184	5529912
SRR11602155	40106910
SRR11910217	618286
SRR11910205	3103286
SRR11910227	153370
SRR11910225	237638
SRR11910230	37080
SRR11910204	3309512
SRR11910232	153648
SRR11910229	370230
SRR11910214	2218690
SRR11910235	177952
SRR11910237	19016
SRR11910226	1020312
SRR11910218	2567010
SRR11910236	998342
SRR11910224	2167696
SRR10664429	66433440
SRR11910231	870766
SRR11910220	2875298
SRR11910216	3319136
SRR11910242	471326
SRR11910222	2658984
SRR11910141	13682994
SRR11910223	2955646
SRR11910221	3103432
SRR11910233	2390410
SRR11910219	3471074
SRR11910234	1133304
SRR11910245	794822
SRR11910247	645120
SRR11910246	969942
SRR11910239	2265610
SRR11910249	894866
SRR11910251	728420
SRR11910248	1055386
SRR11910243	1542726
SRR11910258	410414
SRR11910250	1207532
SRR11910263	383066
SRR11910238	2900206
SRR11910266	127402
SRR11910265	360488
SRR11910228	2207968
SRR11910264	840772
SRR11910241	2690524
SRR11910244	2704948
SRR11910262	1189278
SRR11910267	885488
SRR11910254	1911146
SRR11910276	443198
SRR11910268	1545772
SRR11910240	3714334
SRR11910273	1080886
SRR11910181	12071272
SRR11910280	447000
SRR11910253	3509860
SRR11910256	3396566
SRR11910279	971530
SRR11910277	1518134
SRR11910281	449652
SRR11910257	4350892
SRR11910271	3228966
SRR11910283	1602812
SRR11910193	11828546
SRR11910282	1968674
SRR11910290	354522
SRR10664432	68325098
SRR11910291	667610
SRR11910260	5403904
SRR11910294	141362
SRR11910275	4661278
SRR11910287	1260910
SRR11909515	32382180
SRR11910295	353110
SRR11910274	4964440
SRR11910293	873710
SRR11910296	602724
SRR11910286	2820218
SRR11910261	6245368
SRR11910255	6902524
SRR11910292	1787140
SRR11910289	1223664
SRR11910278	5551090
SRR11910252	7341998
SRR11910299	1921346
SRR11910284	4660352
SRR11910302	1813466
SRR11910304	1679110
SRR11910269	7309784
SRR11910303	1909472
SRR11910259	7662490
SRR11910310	972798
SRR11910301	2563146
SRR11910300	3202436
SRR11910317	1066356
SRR11910305	2834372
SRR11910308	2355848
SRR11910270	8705654
SRR11910272	8279778
SRR11910313	1721426
SRR11910285	6362556
SRR11910324	481712
SRR11910328	381542
SRR11910325	944582
SRR11910330	370656
SRR11036331	77668762
SRR11910327	1409066
SRR11910320	2450876
SRR11910297	5913472
SRR11910335	611464
SRR11910312	4003178
SRR11910306	5737956
SRR11910322	3135962
SRR11910319	4069096
SRR11910309	5424946
SRR11910342	272000
SRR11910298	7308822
SRR11910326	3701624
SRR11910329	3563804
SRR11910323	4563796
SRR11910318	5601194
SRR11910321	4999876
SRR11910311	6712456
SRR11910338	2425080
SRR11910314	6396718
SRR11910346	874114
SRR11602157	61620714
SRR11910343	1856218
SRR11910347	828122
SRR11910288	10260916
SRR11910350	661364
SRR11910348	1004652
SRR11909888	43126346
SRR11910341	3097504
SRR11910359	420894
SRR11910316	7165588
SRR11910349	1372870
SRR11910339	3541788
SRR11910360	297710
SRR11910363	208232
SRR11910344	2831526
SRR11910356	1477980
SRR11910351	1704838
SRR11910307	9619936
SRR11602156	65889884
SRR11910340	4137470
SRR11910354	1785588
SRR11910315	8142366
SRR11910352	1894338
SRR11910334	5283768
SRR11910365	831102
SRR11910353	2055350
SRR11910332	6000592
SRR11910357	1948200
SRR11910381	9858
SRR11910382	5920
SRR11910368	769250
SRR11910370	539342
SRR11910366	934880
SRR11910376	565668
SRR11910387	7066
SRR11910388	11008
SRR11910385	139330
SRR11910384	161382
SRR11910390	39364
SRR11910336	5498638
SRR11910386	216710
SRR11910380	643484
SRR11910345	4215020
SRR11910391	170628
SRR11910392	209018
SRR11910367	941554
SRR11910379	1279036
SRR11910393	981442
SRR11910358	3159832
SRR11910399	590214
SRR11910377	1948368
SRR11910355	3876302
SRR11910371	2355678
SRR11910378	2294104
SRR11910383	1117670
SRR11910373	2340896
SRR11910395	1528540
SRR11910389	2013332
SRR11910406	260504
SRR11910394	1792114
SRR11910361	3777702
SRR11910412	202286
SRR11910401	1011592
SRR11910411	185732
SRR11910407	506552
SRR11910413	259490
SRR11910333	8443674
SRR11910416	317756
SRR11910417	348940
SRR11910375	3214684
SRR11910419	355178
SRR11910418	452530
SRR11910396	2309684
SRR11910405	1524936
SRR11910415	989796
SRR11910421	810384
SRR11910400	2973630
SRR11910397	3198848
SRR11910423	1279092
SRR11910424	1280152
SRR11910422	1415148
SRR11909887	50790164
SRR11910426	1412642
SRR11910428	1019916
SRR11910425	1464876
SRR11910430	687460
SRR11910429	1015220
SRR11910431	709388
SRR11910427	1372246
SRR11910398	3923484
SRR11910435	427112
SRR11910403	3599174
SRR11910404	3775942
SRR11910433	1050868
SRR11910402	4058210
SRR11910420	2854414
SRR11910432	1251504
SRR11910434	1421112
SRR11910438	1346948
SRR11910369	6323372
SRR11910337	10734412
SRR11910439	1587920
SRR11910410	4737598
SRR11910362	8291192
SRR12227959	1715940
SRR11910437	2974564
SRR11910372	8433620
SRR12387502	14582
SRR12387503	47666
SRR11910408	6759288
SRR12387504	25444
SRR12387505	13308
SRR11910409	7089218
SRR11910414	6240674
SRR11910436	5254700
SRR11909516	60270304
SRR11910364	12802880
SRR11910331	19915518
SRR11910374	15310144
SRR12227955	18984632
SRR12227954	19425758
SRR12227953	18521730
SRR12227965	16823532
SRR12227966	18116644
SRR12227960	20369636
SRR12227958	21048314
SRR12227956	23855608
SRR12227961	23198626
SRR12227963	22968742
SRR12227962	25302874
SRR11910535	33366952
SRR12227964	24473854
SRR12227957	29068760
SRR12227952	30081904
SRR11916113	42036038
ERR7245780	181009080
SRR11910536	50428342
SRR11916019	49887008
ERR7245779	192085938
SRR11916018	60667746
SRR13259373	58492978
SRR13259374	101725092
SRR13259378	112149216
SRR13259377	114060588
SRR13259375	126056714
SRR13259379	114407796
SRR13708566	29018308
SRR13259372	137666954
SRR13708565	37498292
SRR13955739	3358056
SRR13708567	33626876
SRR13955740	4077134
SRR13955741	3221928
SRR13955742	3947952
SRR13955743	3622202
SRR13955744	3271336
SRR13708568	31374738
SRR13955745	3902174
SRR13955746	3814698
SRR13955747	4102068
SRR13955748	3492446
SRR13955749	3321770
SRR13259376	136896106
SRR13955752	2741760
SRR13955750	3871986
SRR13955751	3750238
SRR13955753	2948002
SRR13955754	3491112
SRR13955758	1779666
SRR13955757	2927626
SRR13955756	3395002
SRR13308531	132540812
SRR13955755	4726598
SRR13955759	3463114
SRR13955761	2216638
SRR13955765	1248366
SRR13955760	3568764
SRR13955762	3449502
SRR13955763	3610248
SRR13955764	3227590
SRR13308520	141084380
SRR13955766	4532326
SRR13955767	4493436
SRR15925267	18216134
SRR13308530	161092956
SRR13308524	163571482
SRR13801805	84587940
SRR13308526	172516820
SRR13308539	152138490
SRR13801804	97884796
SRR13308523	182895696
SRR13308527	178580532
SRR13308535	173129458
SRR13308521	185971386
SRR16950696	50897996
SRR16950697	45658140
SRR13308528	184577196
SRR13308529	185601590
SRR16950698	47453606
SRR16950699	45855018
SRR13308537	173563400
SRR13308532	187454458
SRR13308522	200530624
SRR13308538	182886192
SRR13308540	173922848
SRR16950700	50453342
SRR13308525	205047640
SRR1745841	0
SRR14018896	67733934
SRR13308534	200350452
SRR18214222	1614710
SRR18214221	6474048
SRR18214223	1110000
SRR16950701	53908734
SRR18214224	1887244
SRR18214227	1162914
SRR18214228	712540
SRR18214229	907000
SRR18214231	448930
SRR13308536	200580470
SRR18214232	272154
SRR18214230	1815850
SRR18214225	4384478
SRR18214233	954338
SRR13308541	184448640
SRR18214235	2494340
SRR18214234	3481240
SRR16950702	59941378
SRR18214238	3123228
SRR18214236	3872038
SRR18214242	1145974
SRR18214226	8858532
SRR18214240	2213116
SRR18214237	5254528
SRR18214244	787596
SRR18214245	598090
SRR18214241	2722150
SRR18214249	760764
SRR16950704	58146136
SRR18214239	4828904
SRR18214247	1550776
SRR18214243	3561518
SRR18214253	526322
SRR16950703	61166594
SRR18214251	2245850
SRR13308542	182066500
SRR18214252	2605342
SRR18214255	2745520
SRR18214259	1292116
SRR18214261	260614
SRR18214254	3372504
SRR18214250	4690506
SRR18214260	1045000
SRR18214262	785400
SRR18214265	935290
SRR18214257	4047516
SRR18214258	3335708
SRR18214269	338360
SRR18214267	1189136
SRR18214270	254366
SRR18214264	1886968
SRR17227796	26197798
SRR18214273	369034
SRR18214276	125386
SRR18214266	2277702
SRR18214268	1708388
SRR18214246	7477364
SRR18214277	431856
SRR18214278	831822
SRR18214271	2453322
SRR18214272	2386068
SRR18214283	414384
SRR18214248	9333334
SRR13308533	226771966
SRR18214263	5520120
SRR18214286	676522
SRR18214275	3622756
SRR18214280	3320798
SRR18214288	621336
SRR18214287	1135674
SRR18214284	2174234
SRR18214279	3920062
SRR18214281	4486066
SRR18214285	3278554
SRR18214282	5013686
SRR17227794	32579132
SRR18214289	2985502
SRR18214290	3011940
SRR18214293	3043450
SRR18214295	2777294
SRR18214291	3678932
SRR18214302	545542
SRR18214274	7414456
SRR18214297	2148804
SRR18214303	769088
SRR18214304	636094
SRR18214307	301812
SRR18214308	316422
SRR18214301	1606620
SRR18214296	3917408
SRR18214312	293020
SRR18214294	5059360
SRR18214256	14843010
SRR18214298	3325792
SRR18214292	5650534
SRR18214305	1875016
SRR18214299	3739362
SRR18214310	2138652
SRR18214313	1351250
SRR18214317	1901306
SRR18214315	2529896
SRR18214316	2684998
SRR18214324	511284
SRR18214306	4273534
SRR18214323	989484
SRR18214318	3286696
SRR18214309	4791854
SRR18214322	2071280
SRR18214321	3150940
SRR18214319	4053908
SRR18214314	4972974
SRR18214326	1899068
SRR18214325	2541288
SRR18335004	1121290
SRR18215261	2945302
SRR18215260	3325776
SRR18214300	9616534
SRR18335003	3033110
SRR18334997	5163092
SRR18214311	7631130
SRR18335009	428680
SRR18334999	4774922
SRR18335001	5574630
SRR18335012	4131942
SRR18334998	9155310
SRR18335011	5043240
SRR18335014	3873064
SRR18335002	9376162
SRR18214320	11261860
SRR18335008	8278098
SRR18559131	414586
SRR18335000	12023666
SRR18559133	0
SRR18559135	1040
SRR18559126	1321508
SRR18559134	71316
SRR18559129	1253652
SRR18559137	767888
SRR18335010	7231256
SRR18335006	13174908
SRR18559132	1481350
SRR18559127	2876640
SRR18559136	1828644
SRR18335007	14734766
SRR18559140	1304074
SRR18559128	3069780
SRR18559148	1152
SRR18559139	1871546
SRR18559146	310240
SRR18559151	50080
SRR18559152	1920
SRR18559142	1116622
SRR18335005	16726900
SRR18559138	2436704
SRR18559147	653084
SRR18559153	511492
SRR18559143	2265770
SRR18559158	118924
SRR18559154	610986
SRR18559157	604688
SRR18559159	471362
SRR18559149	1334078
SRR18559145	1877718
SRR18559160	778338
SRR18559161	740886
SRR18559155	1389636
SRR18559163	514250
SRR18559167	277806
SRR18559166	351990
SRR18559164	782420
SRR18559172	2620
SRR18559165	931348
SRR18559174	2720
SRR18335013	20482878
SRR18559141	3590162
SRR18559177	0
SRR18559150	2916586
SRR18559144	3531982
SRR17227802	42140038
SRR18559173	1792120
SRR18559162	2440978
SRR18559170	1332916
SRR18559169	1736786
SRR18559178	1178228
SRR18559182	516918
SRR18559183	871896
SRR18559187	957784
SRR18559188	434466
SRR18559186	1119990
SRR17227790	57616802
SRR17227799	48537554
SRR18559192	133854
SRR18559179	2717560
SRR18559194	293398
SRR18559175	3220936
SRR17227791	56928490
SRR18559176	3280368
SRR18559181	2643564
SRR18559185	2667962
SRR18559200	570224
SRR18559191	1686956
SRR18559202	336894
SRR18559198	1141716
SRR18559205	48348
SRR18559196	1713972
SRR18559197	1703520
SRR18559193	2382246
SRR18559209	6270
SRR18559199	1592746
SRR18559190	3191930
SRR18559212	204792
SRR18559168	5969408
SRR18559130	16815860
SRR18559203	1304142
SRR18559171	5750810
SRR18559204	1990052
SRR18559218	0
SRR18559219	71732
SRR18559208	940682
SRR18559211	1834378
SRR18559222	0
SRR18559223	147502
SRR18559215	951282
SRR18559216	1009598
SRR18559201	2856684
SRR18559227	3764
SRR18559213	2005830
SRR18559229	0
SRR18559210	1850814
SRR18559231	32388
SRR18559195	6360968
SRR18559233	1926
SRR18559189	4536180
SRR18559228	653384
SRR18559184	10808410
SRR18559221	1624878
SRR18559214	2100228
SRR18559206	3036120
SRR18559225	1232036
SRR18559230	1682346
SRR18559241	105296
SRR18559217	2585008
SRR18559237	763502
SRR18559235	1130516
SRR18559234	1502080
SRR18559226	1955144
SRR18559246	321050
SRR18559244	466262
SRR18559243	962406
SRR18559242	1022538
SRR18559239	1428440
SRR18559240	1443518
SRR18559238	1710934
SRR18559180	8551626
SRR18559245	1466384
SRR18559248	1219586
SRR18559220	4069062
SRR18559224	3531490
SRR18559247	1886242
SRR20746825	1428402
SRR20746823	2229962
SRR18559232	3635618
SRR17227798	61431626
SRR20746827	2641774
SRR20746826	3586380
SRR20746820	6565698
SRR20746824	5388858
SRR20746829	4255184
SRR20746821	6875658
SRR20746822	6812068
SRR20746833	4702092
SRR20746830	6632648
SRR20746832	6059568
SRR20746819	9150868
SRR20746818	10703998
SRR18559156	25585364
SRR20746836	4150346
SRR20746831	7697606
SRR17227786	77076682
SRR20746838	5033038
SRR20746834	7029192
SRR20746844	2357624
SRR20746835	8776970
SRR20746843	5073522
SRR19505781	18058430
SRR20746837	7809088
SRR20746839	8188770
SRR20746846	5492204
SRR20746841	6514212
SRR20746840	8111148
SRR20746850	4906216
SRR17227789	79459290
SRR20746852	5457846
SRR17227788	78257786
SRR20746845	8070324
SRR20746854	7086992
SRR20746856	5233466
SRR20746857	5161790
SRR18559207	13963182
SRR20746851	7945290
SRR20746849	9414744
SRR20746855	6086608
SRR17227792	77133742
SRR19505782	26170374
SRR20746848	11476262
SRR18559236	13019372
SRR20746858	8784200
SRR20746860	7984038
SRR20746874	3212772
SRR20746869	3974314
SRR20746867	5733128
SRR20746868	5824668
SRR20746847	13781658
SRR20746875	3515352
SRR20746876	3503156
SRR20746859	9196184
SRR20746878	2513548
SRR20746863	7729922
SRR17227793	80980992
SRR20746871	5473868
SRR20746879	3174528
SRR20746870	5801756
SRR20746877	4400340
SRR20746861	10997400
SRR20746919	1763058
SRR20746920	1627624
SRR20746884	3933122
SRR20746862	12082050
SRR20746866	10142344
SRR20746865	9995360
SRR20746881	4644882
SRR20746873	8199256
SRR20746880	5574112
SRR20746921	2618984
SRR20746882	5282710
SRR20746909	5025220
SRR20746927	1831094
SRR14018897	172850350
SRR20746914	6249260
SRR20746910	7176874
SRR20746917	5684160
SRR20746918	5615574
SRR20746915	7504254
SRR17227801	76376356
SRR20746929	5040464
SRR20746928	5451508
SRR20746916	8872322
SRR20746912	9266576
SRR20746925	6893308
SRR20746939	4817786
SRR20746932	5347582
SRR20746934	5515722
SRR20746923	7869316
SRR20746911	10862760
SRR20746922	8652084
SRR20746931	6393934
SRR17227787	91496000
SRR20746933	6402208
SRR20746930	7783246
SRR20746946	3350976
SRR20746940	5708952
SRR20746926	8045504
SRR20746941	5481356
SRR20746938	7524822
SRR20746943	5251074
SRR20746937	7691092
SRR20746952	4385842
SRR20746950	4514446
SRR20746954	4774374
SRR20746945	6521912
SRR20746953	4866936
SRR20746956	4952290
SRR20746944	8250474
SRR20746936	12513234
SRR20746958	5679660
SRR20746942	10292610
SRR20746975	2443230
SRR17227800	80884678
SRR20746951	7844112
SRR20746974	3045384
SRR20746957	6861934
SRR20746976	3101050
SRR20746961	6833306
SRR20746973	4097642
SRR20746972	4304200
SRR20746962	7209958
SRR20746965	6432102
SRR20746948	9684250
SRR20746955	8771892
SRR20746959	8237428
SRR20811139	1229648
SRR20746978	4208160
SRR20811138	1603796
SRR20746963	8573068
SRR20746979	3814918
SRR20746969	7415404
SRR20811136	2557426
SRR20746968	8555300
SRR20746947	11599168
SRR20811133	2973134
SRR20746977	6102938
SRR20746980	4761670
SRR20746967	9609776
SRR20811144	1987128
SRR20811137	3566330
SRR20746964	9235490
SRR20811134	3590314
SRR20811140	3423720
SRR20746966	10006964
SRR20811130	4862090
SRR20811132	4680042
SRR20811131	4826244
SRR20811141	3741314
SRR20811176	1280282
SRR20811143	4019108
SRR20811151	2796298
SRR20811148	3554252
SRR20811178	2050502
SRR20811153	2963184
SRR20811152	3043972
SRR20811142	4765684
SRR20811174	3106136
SRR20811145	3983330
SRR20811175	2545320
SRR20811147	4025260
SRR20811149	3876808
SRR20746981	7371710
SRR20811150	4365116
SRR20811229	2972674
SRR20811224	3218346
SRR20811270	3303598
SRR20811278	2048210
SRR20811221	3750058
SRR20811271	3153156
SRR20811275	2578004
SRR20811227	4147566
SRR20811223	4334296
SRR20811274	3089250
SRR20746970	14581840
SRR20811222	4715540
SRR20811272	3509400
SRR20811228	4453850
SRR2182538	1040
SRR2182537	94040
SRR20811279	3144254
SRR2182541	0
SRR20811280	2847898
SRR2182543	0
SRR2182531	299126
SRR2182530	703404
SRR20811286	2546666
SRR20811281	3188036
SRR20811284	3099670
SRR20811273	4169166
SRR2182536	522464
SRR20811283	3860708
SRR20811285	3622534
SRR2182544	567212
SRR20811276	4374824
SRR2182540	630326
SRR2182554	171542
SRR2182556	118924
SRR2182552	410116
SRR2182553	261264
SRR20811282	4842628
SRR2182555	362706
SRR2182542	951282
SRR20811287	3598814
SRR2182532	1235656
SRR2182547	904840
SRR2182548	940682
SRR20811289	3398204
SRR20811293	3536594
SRR20811292	3798438
SRR2182545	1429590
SRR2182558	714046
SRR20811290	4390110
SRR20811291	4475718
SRR2182546	1815010
SRR2182557	1235656
SRR2182551	1871546
SRR2182549	2105856
SRR2182534	2574528
SRR2182539	2939234
SRR20811179	12363548
SRR2182533	3398602
SRR2191942	4618418
SRR2182535	3398604
SRR2191941	4660566
SRR2182550	3842602
SRR17227803	97364102
SRR17227797	106249256
SRR22177346	19189670
SRR22177343	37449954
SRR22177349	37087132
SRR22177345	37834348
SRR22177363	35473048
SRR22177347	41815860
SRR22177341	41912974
SRR22177353	41624012
SRR22177350	38464348
SRR22177357	41072268
SRR22177365	38342364
SRR22177362	37269462
SRR22177358	42614938
SRR22177344	48348014
SRR17227795	130041504
SRR22177359	46568112
SRR22177354	49120296
SRR22177352	48390556
SRR22177361	48233166
SRR22177355	50315188
SRR22177348	51049380
SRR22177364	48802668
SRR26050771	1008860
SRR22177356	54737424
SRR22177368	42972524
SRR22177342	57557324
SRR22177367	41344144
SRR26215759	3923324
SRR22177351	56665130
SRR26215760	4676908
SRR26215761	4872438
SRR22177369	44812314
SRR26215763	4456580
SRR26215762	4928174
SRR26215764	4697554
SRR22851167	20920292
SRR22177360	59796774
SRR22177366	56334914
SRR25394772	11409378
SRR26215765	4647406
SRR26215766	4522020
SRR26215767	4079872
SRR26215770	4460514
SRR26215768	5244474
SRR26215769	4772550
SRR26215772	3752416
SRR26215771	4561038
SRR26215773	4736856
SRR26215776	4536600
SRR26215774	4860056
SRR26215775	5144656
SRR26215781	1928190
SRR26215778	4653918
SRR26215777	5014408
SRR26215779	4894094
SRR26215782	4130264
SRR26215784	4241606
SRR26215783	4196806
SRR26215780	4827718
SRR22851168	30789164
SRR26215786	3725474
SRR26215785	4396044
SRR25394775	20100862
SRR26215789	3847390
SRR26215787	4569992
SRR26215788	4466634
SRR22177372	41372176
SRR22177370	41732464
SRR26215790	6095290
SRR22859377	34066168
SRR26215792	3534594
SRR26215793	3427672
SRR26215795	3404480
SRR22177371	44104666
SRR26215791	4803540
SRR26215794	3681866
SRR26215796	3925884
SRR22859378	35563762
SRR26215797	4006822
SRR26215803	3246284
SRR26215798	7030572
SRR26215799	3906882
SRR26215800	4181824
SRR26215804	3972782
SRR22859380	31493704
SRR26215801	4628568
SRR26215806	3696548
SRR26215802	4666504
SRR26215805	3966634
SRR26215808	4276168
SRR26215807	4353810
SRR26215810	3880364
SRR26215809	4535544
SRR26215811	4269158
SRR22859379	38534616
SRR26215812	4534466
SRR26215815	3961188
SRR26215813	4342736
SRR26215814	4508482
SRR26215816	4295218
SRR26215819	5418868
SRR26215820	4267688
SRR26215817	4714412
SRR26215818	4627486
SRR26215822	6216784
SRR26215821	4365920
SRR22851057	42027424
SRR26215824	4357056
SRR26215823	4557942
SRR26215826	4724940
SRR26215825	5114734
SRR26215829	4466930
SRR26215827	4919246
SRR26215832	5725358
SRR26215828	5026468
SRR26215830	4537452
SRR26215835	4064128
SRR26215831	4719820
SRR26215834	4503766
SRR26215839	2808118
SRR26215833	4659076
SRR26215838	5324538
SRR26215836	5058308
SRR26215837	4885196
SRR26215840	4718584
SRR26215841	4470520
SRR26215863	414
SRR26215844	4416298
SRR26215843	4732014
SRR26215846	4498314
SRR26215842	4936726
SRR26215852	3034064
SRR26215845	5092322
SRR26215847	4809250
SRR26215850	4532774
SRR26215857	4212078
SRR26215849	5133192
SRR26215874	718
SRR26215851	5042270
SRR26215848	5342936
SRR26215856	4870648
SRR26215853	5309684
SRR26215858	4841718
SRR26215855	5109072
SRR26215859	5452678
SRR26215854	5402094
SRR26215861	4827930
SRR26215860	5272592
SRR26215885	592
SRR26215864	4673468
SRR26215865	4745368
SRR26215870	5815768
SRR26215862	5186692
SRR26215867	4848328
SRR26215866	5010888
SRR22851058	52657946
SRR26215869	5476606
SRR26215871	4972738
SRR26215868	6069278
SRR26215876	4223958
SRR26215872	4888588
SRR26215880	4429322
SRR26215873	5117996
SRR26215875	5115468
SRR26215879	4802046
SRR26215878	5166662
SRR25393885	46109392
SRR26215881	4757554
SRR26215877	5218830
SRR26215883	4759502
SRR26215882	4988382
SRR25393882	47812778
SRR26215884	5251888
SRR26215886	4883068
SRR26215892	3791764
SRR26215888	4782836
SRR26215889	4751262
SRR26215891	4147258
SRR26215887	5197286
SRR26215893	4257402
SRR26215890	5002774
SRR26215894	3763562
SRR26215897	4141504
SRR26215895	7133466
SRR26215908	2545656
SRR26215914	1435608
SRR26215900	3833376
SRR26215898	4603950
SRR26215896	4875144
SRR26215905	3908884
SRR26215902	4284062
SRR26215903	4197238
SRR26215904	4170692
SRR26215906	4080734
SRR26215901	5157188
SRR26215899	7878968
SRR26215907	6884370
SRR26215910	3811320
SRR26215911	3812910
SRR26215915	3542252
SRR26215912	4237290
SRR26215909	4481176
SRR26215913	4331550
SRR26215917	4043142
SRR26215916	4155362
SRR25394774	51764322
SRR26215919	4451432
SRR26215924	5022600
SRR26215945	224
SRR26215918	4345764
SRR26215923	4012520
SRR25394773	72041300
SRR26215926	3916182
SRR26215921	4432802
SRR26215920	4751198
SRR26215925	4184716
SRR26215928	3859166
SRR26215927	3875980
SRR26215929	5595682
SRR26215930	5433444
SRR26215922	5123676
SRR26215931	4109984
SRR26215933	4719860
SRR26215932	4848806
SRR26215935	4300100
SRR26215934	4407844
SRR26215936	4319646
SRR26215940	3803708
SRR26215937	4598044
SRR26215938	5185178
SRR26215939	4843056
SRR26215944	4372598
SRR26215941	4683604
SRR26215942	4689958
SRR26215943	4804324
SRR26215946	4362734
SRR26215947	4897246
SRR26215948	4625682
SRR26215950	4577342
SRR26215952	4594600
SRR26215951	4840040
SRR26215958	4249820
SRR26215949	5032676
SRR26215980	386
SRR26215956	4671756
SRR26215955	4832362
SRR26215965	4596294
SRR26215963	5182560
SRR26215967	4737544
SRR26215969	4650328
SRR26215959	6874494
SRR26215961	6282794
SRR26215960	6363124
SRR26215972	4802840
SRR26215991	132
SRR26215971	5019876
SRR26215974	4258924
SRR26215954	7972052
SRR26215973	4766898
SRR26215968	5344418
SRR26215970	4900622
SRR26215957	8037904
SRR26215966	6341430
SRR26215962	7371314
SRR26215979	4289304
SRR26215975	5218974
SRR26215976	4956820
SRR26215998	905212
SRR26215977	5198872
SRR26215978	4955540
SRR26215983	4641072
SRR26215964	8053534
SRR26215982	4897354
SRR26215981	5372678
SRR26216003	1731256
SRR26216009	1777854
SRR26215984	4957716
SRR26215985	4949618
SRR26215988	4506914
SRR26216005	2753050
SRR26215986	4953032
SRR26215989	4676124
SRR26215990	4752940
SRR26216000	3795726
SRR26215993	4597502
SRR26215987	5038492
SRR26215992	4724662
SRR26215997	4174486
SRR26215996	4271188
SRR26215999	4097266
SRR26216001	3453298
SRR26216002	5747516
SRR26215995	5099650
SRR26216030	2490
SRR26216010	3240504
SRR26216004	3850970
SRR26215994	5376838
SRR26216006	3762340
SRR26216007	4374906
SRR26216014	2017090
SRR26216020	1678960
SRR26216008	4484316
SRR26215953	14656714
SRR26216011	4389432
SRR26216025	2267148
SRR26216021	3120056
SRR26216012	4645364
SRR26216017	3636558
SRR26216015	4423530
SRR26216028	3439442
SRR26216023	3809450
SRR26216022	3912014
SRR26216019	4088456
SRR26216026	3926608
SRR26216034	3500782
SRR26216029	4316830
SRR26216032	3755368
SRR26216016	4970080
SRR26216013	4956010
SRR26216018	4977214
SRR26216031	4058154
SRR26216024	4638710
SRR26216033	4126514
SRR26216037	3610790
SRR26216027	4685526
SRR26216039	3161816
SRR26216036	3740804
SRR26216038	3245378
SRR26216042	2763638
SRR26216040	3258158
SRR26216045	1703118
SRR26216035	4722006
SRR26216041	3543622
SRR26216044	3157356
SRR26216053	2463032
SRR26216043	3694110
SRR26216051	3211428
SRR26216048	3995464
SRR26216054	3305780
SRR26216049	4074628
SRR26216055	3411098
SRR26216046	4673064
SRR26216057	3849810
SRR26216052	3938374
SRR26216047	4429382
SRR26216058	4192100
SRR26216059	4194584
SRR26216056	4374900
SRR26216064	4482588
SRR26216066	4331962
SRR26216061	4848952
SRR26216069	4480662
SRR26216063	5009614
SRR26216067	4640764
SRR26216062	5112302
SRR26216065	4756334
SRR26216060	4811586
SRR26216068	4835712
SRR26216070	4312174
SRR2219805	100890558
SRR26216071	4667760
SRR26216072	4612128
SRR26216075	3902676
SRR26216050	7708374
SRR26216073	4594678
SRR26216077	4166758
SRR26216074	4327632
SRR26216079	4198786
SRR26216076	4256510
SRR26216080	4357200
SRR26216078	4731424
SRR26216082	4385050
SRR26216081	4536128
SRR26216083	4599246
SRR26216087	3928208
SRR26216084	4916910
SRR26216113	412
SRR26216114	410
SRR26216086	4550846
SRR26216088	4501012
SRR26216085	4937710
SRR26216091	4695074
SRR26216090	4777334
SRR26216097	3771082
SRR26216093	4944210
SRR26216095	4875162
SRR26216089	4795766
SRR26216094	5132054
SRR26216092	5400242
SRR26216096	5279434
SRR26216098	4584404
SRR26216100	4560034
SRR26216102	4616232
SRR26216103	4496148
SRR26216101	4936138
SRR26216104	4962504
SRR26216105	4741206
SRR26216099	5383928
SRR26216107	4809336
SRR26216106	5053334
SRR26216108	4894172
SRR26216111	4409212
SRR26216109	4862784
SRR26216110	4972852
SRR26216112	4609206
SRR2081070	207783082
SRR26596532	35387126
SRR26596543	35031412
SRR26596530	27873460
SRR26596542	35500280
SRR26596549	35444858
SRR26596529	39083426
SRR26596538	40448962
SRR26596527	43128076
SRR26596528	42630750
SRR26596525	44459144
SRR26596533	31553740
SRR26596531	32159072
SRR26596540	41971484
SRR26596539	42477500
SRR26596524	46372860
SRR26596544	31460384
SRR26596551	40416342
SRR26596548	30857340
SRR26596550	40825370
SRR26596541	44816400
SRR26596534	35785956
SRR26596545	33359960
SRR26596547	46084386
SRR26596526	50750306
SRR26596536	36745902
SRR26596535	50229306
SRR26596552	31568406
SRR26596546	47089118
SRR26596537	51568746
SRR2219866	160160230
SRR26596554	43975856
SRR26596559	38882240
SRR26596564	37226166
SRR26596556	42654708
SRR26596573	36434634
SRR26596571	38906118
SRR26596560	44527594
SRR26596562	43135696
SRR26596553	49519348
SRR26596568	41860226
SRR26596561	43284620
SRR26596565	44679466
SRR26596558	36175960
SRR26596567	44502596
SRR26596557	50437408
SRR26596555	52738778
SRR26596574	43932112
SRR26596577	40535900
SRR26596569	34597956
SRR26596576	43728510
SRR26596570	48783318
SRR26596575	47097312
SRR26596572	49413446
SRR26596578	36469538
SRR26596579	34693562
SRR26633016	5257840
SRR26596583	22275852
SRR26596566	44391518
SRR26633014	9141026
SRR26633017	6186314
SRR26633015	11437720
SRR26633018	8350620
SRR26633019	6947288
SRR26633020	7943172
SRR26633025	1244830
SRR26633026	1248760
SRR26633029	711126
SRR26633027	1022762
SRR26633028	1246872
SRR26633031	405388
SRR26633033	279594
SRR26633021	9315472
SRR26633032	685136
SRR26633023	7842794
SRR26633036	451848
SRR26633022	10418412
SRR26596563	54009238
SRR26596582	38019164
SRR26633039	746868
SRR26633034	3320738
SRR26633024	9631178
SRR26633040	1001322
SRR26596585	36275632
SRR26633041	1681210
SRR26633044	500400
SRR26633043	719354
SRR26633045	822320
SRR26633042	2012316
SRR26633030	4006630
SRR26596580	51751756
SRR26633037	5517148
SRR26596599	31235680
SRR26633038	6650234
SRR26633050	3192996
SRR26633051	3438220
SRR26633047	4997200
SRR26633049	4938606
SRR26633048	5300222
SRR26633055	2762394
SRR26633053	5676226
SRR26633056	3300164
SRR26633054	4796202
SRR26596581	53299476
SRR26633057	3929566
SRR26633061	2854984
SRR26633067	511584
SRR26633058	4597652
SRR26596595	38921390
SRR26633069	542956
SRR26633065	2346872
SRR26633070	399722
SRR26633060	4825104
SRR26633059	5766496
SRR26596584	49608604
SRR26633063	4037146
SRR26633062	4737132
SRR26596597	30528758
SRR26633075	716104
SRR26596593	43063472
SRR26633046	11954458
SRR26633068	3360052
SRR26633064	4837256
SRR26633035	16429656
SRR26633074	3111830
SRR26633073	3198130
SRR26633066	5894964
SRR26633052	13599562
SRR26633079	3419204
SRR26633078	3789096
SRR26596591	48278262
SRR26633080	5106438
SRR26596587	36551384
SRR26596586	39448618
SRR26633077	5866764
SRR26633072	7201982
SRR26633071	7765646
SRR26596590	49025588
SRR26633076	6386962
SRR26596600	45252832
SRR27278119	2027748
SRR26596594	49706778
SRR26596588	52044056
SRR26596601	35518952
SRR26596602	50582852
SRR26596596	54910806
SRR26596598	42354204
SRR26596592	44200500
SRR26596589	48829892
SRR27278113	26798284
SRR27278131	20405566
SRR27278120	31103992
SRR27278138	15344
SRR27278115	24689408
SRR27278111	35130394
SRR27278107	36330196
SRR27278128	30435282
SRR27278132	25846442
SRR27278130	24487534
SRR27278109	41905766
SRR27278122	37948756
SRR27278112	43134700
SRR27278134	28655446
SRR27278129	36869856
SRR27278123	38929104
SRR27278124	39755270
SRR27278116	45148082
SRR27278106	52315278
SRR27278126	46258750
SRR27278117	36199074
SRR27278110	51757044
SRR27278135	25267448
SRR27278118	50814510
SRR27278127	49331372
SRR27278137	26043872
SRR27278133	32532960
SRR27278114	56092144
SRR27278143	29429604
SRR27278151	21308592
SRR27278140	24441918
SRR27278149	26046738
SRR27278105	73742246
SRR27278121	66223172
SRR27278141	39072542
SRR27278125	71486084
SRR27278152	33128174
SRR27278139	50186990
SRR27278162	29211332
SRR27278161	30932588
SRR27278163	33786822
SRR27278144	55603040
SRR27278136	65285488
SRR27278159	39267794
SRR27278148	38400300
SRR27278108	74694364
SRR27278147	56177854
SRR27278156	47049146
SRR27278157	47042188
SRR27278155	47956536
SRR27278172	28089680
SRR27278168	35292482
SRR27278160	54402836
SRR27278166	43318918
SRR27278164	51959080
SRR27278188	10328460
SRR27278167	50816358
SRR27278153	74749086
SRR27278150	80351138
SRR27278177	37516112
SRR27278171	63982508
SRR27278158	66945570
SRR27278165	77729894
SRR27278170	77810536
SRR27278169	82817294
SRR27278180	59406342
SRR27278174	69270764
SRR27278185	56246064
SRR27278175	52252022
SRR27278154	114696592
SRR27278179	71111820
SRR27278189	57269262
SRR27278173	65666580
SRR27278192	51745450
SRR27278187	67558150
SRR27278183	75428006
SRR27278178	61642992
SRR27278182	62790790
SRR27278146	142799512
SRR27278145	142365550
SRR27278176	93395286
SRR27278184	63522134
SRR27278181	66908250
SRR27278204	31296706
SRR27278194	62704838
SRR27278186	87413586
SRR27278191	52356050
SRR27278190	75993876
SRR27278199	43175976
SRR27278197	54520258
SRR27278200	55584278
SRR27278198	66379342
SRR27278206	51695288
SRR27278193	70083186
SRR27278207	51432524
SRR27278196	83234896
SRR27278201	52383582
SRR27593151	4154692
SRR27278203	73594768
SRR27278215	43629536
SRR27278212	55908666
SRR27278208	58194872
SRR27278209	58355188
SRR27278202	56579026
SRR27593154	3826192
SRR27593152	6778494
SRR27593153	3996180
SRR27593162	50
SRR27278210	62825006
SRR27593157	3821542
SRR27593159	4188852
SRR27593166	78
SRR27278195	79561400
SRR27278211	66969564
SRR27278228	25551906
SRR27278213	59017494
SRR27593161	4650334
SRR27593158	7879102
SRR27593167	3615680
SRR27593168	3141292
SRR27278205	59363022
SRR27278229	25701662
SRR27593169	3261710
SRR27278221	55335196
SRR27593170	3369990
SRR27278214	63102210
SRR27593172	3351978
SRR27278217	62526688
SRR27593173	2862302
SRR27278230	29112344
SRR27593185	68
SRR27593177	2940072
SRR27593155	13607892
SRR27593175	4046598
SRR27593163	10484170
SRR27593171	5970158
SRR27593178	3301296
SRR27593165	9760780
SRR27593182	3056446
SRR27593160	11979144
SRR27593164	11186248
SRR27278142	211950702
SRR27593187	3178264
SRR27593184	4160788
SRR27593186	4395474
SRR27593180	5909096
SRR27593179	6023328
SRR27593183	5322666
SRR27593176	7451616
SRR27593196	1866636
SRR27278218	69330000
SRR27593190	3668324
SRR27278225	57764752
SRR27593181	6572356
SRR27278226	48807656
SRR27593195	3342508
SRR27593198	3003466
SRR27593189	5666996
SRR27593213	72
SRR27593193	4767108
SRR27593188	6268494
SRR27278216	74494360
SRR27278219	71439410
SRR27593191	5478148
SRR27593214	719470
SRR27593199	3678032
SRR27593194	5430768
SRR27593200	4285190
SRR27593206	3297520
SRR27593202	3842048
SRR27593201	4156548
SRR27593192	7514536
SRR27593216	2398256
SRR27593197	6211568
SRR27278224	69935632
SRR27593203	5169694
SRR27593209	4124942
SRR27593205	5122706
SRR27593208	4733954
SRR27593210	4267908
SRR27593207	5118948
SRR27593211	4895516
SRR27593226	2513318
SRR27593212	5088966
SRR27593223	3377174
SRR27593218	4708334
SRR27593220	4688022
SRR27593221	4950552
SRR27593227	3121908
SRR27593235	2435946
SRR27593236	2508548
SRR27593156	24870914
SRR27593228	4156066
SRR27593233	3460088
SRR27593230	3780706
SRR27593238	2459406
SRR27593174	16829834
SRR27593204	9599604
SRR27593217	7373464
SRR27593237	3961962
SRR27593231	5647430
SRR27593232	5763886
SRR27593222	8573460
SRR27593241	4348296
SRR27593239	4578908
SRR27593240	5075136
SRR27593225	8750196
SRR27278223	82150328
SRR27278227	66203428
SRR27593229	9286220
SRR27278222	85575234
SRR27593219	13367972
SRR27593215	13882076
SRR27593224	13316480
SRR27593234	12531150
SRR28235348	18141250
SRR28235349	19937488
SRR28235355	20768510
SRR27278220	77092572
SRR28235368	16160020
SRR28235346	26359544
SRR28235353	25209778
SRR28235356	24591070
SRR28235347	27729902
SRR28235359	23817616
SRR28235373	13816510
SRR28235364	22229912
SRR28235361	24077680
SRR28235366	24692166
SRR28235362	28514856
SRR28235363	28191154
SRR28235365	30724132
SRR28235370	25967296
SRR28235360	35050164
SRR28235357	27612738
SRR28235345	41709750
SRR28235358	38047144
SRR28235351	43172458
SRR28235374	25203278
SRR28235375	23376156
SRR28235380	17430144
SRR28235369	39875594
SRR28235354	48835992
SRR28235376	28157224
SRR28235372	39707662
SRR28235388	20856722
SRR28235379	28605670
SRR28235391	17535554
SRR28235384	28384506
SRR28235387	25366230
SRR28235371	44787402
SRR28235382	22495026
SRR28235352	43930882
SRR28235381	32036720
SRR28235385	22880366
SRR28235383	32086732
SRR28235386	33359756
SRR28235393	25373252
SRR28235378	40296000
SRR28235390	28618164
SRR28235350	78992264
SRR28235367	80963484
SRR3017089	32593388
SRR3017087	32544978
SRR3017092	32608712
SRR3017086	34000256
SRR28235392	55564292
SRR3017088	36781360
SRR3017090	35819342
SRR31887151	1008
SRR3017091	38188614
SRR3017098	32472380
SRR3017096	36098918
SRR3017093	38663122
SRR3017094	38067892
SRR3017097	36534718
SRR3017095	37741904
SRR28235377	77799576
SRR28235389	70557110
SRR3017101	34706326
SRR28523089	41745286
SRR3017099	33689802
SRR3017100	37179192
SRR28523079	54556934
SRR31887149	14108242
SRR3017102	35134464
SRR28523080	65686192
SRR28523069	70618290
SRR31887152	24339822
SRR31887156	21422632
SRR3017104	34783306
SRR3017105	34321394
SRR31887147	28272820
SRR31887160	22373510
SRR31887162	21382534
SRR31887165	20534780
SRR3017103	37980300
SRR31887148	31752504
SRR28523086	73359490
SRR28523073	77174858
SRR31887150	31892790
SRR28523063	82626256
SRR31887169	14105856
SRR31887154	31473698
SRR31887167	22228552
SRR28523081	86140812
SRR31887164	30171816
SRR31887163	31249436
SRR31887161	30496814
SRR28523084	84121956
SRR31887170	18469602
SRR31887166	33909510
SRR31887183	12833680
SRR31887155	40867686
SRR31887171	21992536
SRR31887186	12688640
SRR31887175	21358964
SRR31887192	9172340
SRR31887178	19687574
SRR31887190	10740304
SRR31887185	16739788
SRR31887182	20486704
SRR31887204	63654
SRR31887176	25489126
SRR31887172	27612808
SRR31887207	91220
SRR31887177	24741608
SRR31887158	48923966
SRR31887187	19361756
SRR31887188	18794326
SRR31887174	30996422
SRR31887173	33155848
SRR31887214	1748562
SRR31887179	32660162
SRR31887157	57273248
SRR31887189	24043422
SRR31887184	30613774
SRR31887168	43629050
SRR31887153	60762098
SRR31887191	24729862
SRR31887197	17286800
SRR31887202	14932096
SRR31887195	20012114
SRR31887209	11356594
SRR31887196	20792450
SRR31887215	5343998
SRR31887203	16685730
SRR31887213	9439934
SRR31887193	26839562
SRR31887229	2006184
SRR31887198	22876640
SRR31887233	943650
SRR31887205	19644258
SRR31887206	18554850
SRR31887217	9839654
SRR31887211	16624966
SRR31887231	3556072
SRR31887180	43028294
SRR31887226	9172998
SRR31887201	24670866
SRR31887181	44245910
SRR31887225	13496526
SRR31887221	15067100
SRR31887194	35541182
SRR31887200	29889008
SRR31887210	25450352
SRR31887219	18922054
SRR31887216	21348376
SRR31887227	18799126
SRR31887212	29469750
SRR31887234	15149726
SRR31887222	23508288
SRR31887238	15779534
SRR31887250	5360818
SRR31887230	22177464
SRR31887235	19656094
SRR31887243	16637230
SRR31887258	1119106
SRR31887208	39019240
SRR31887245	16391906
SRR31887228	27247088
SRR31887244	17160824
SRR31887246	17671670
SRR31887247	17741502
SRR31887265	347618
SRR31887267	2062
SRR31887266	369418
SRR31887269	3206
SRR31887270	548
SRR31887268	550586
SRR31887218	36571822
SRR31887240	27193156
SRR31887251	15500796
SRR31887249	18423070
SRR31887223	38222204
SRR31887261	10297274
SRR31887224	39055918
SRR31887252	17766504
SRR31887254	16503538
SRR31887159	99262718
SRR31887255	17169590
SRR31887262	11076882
SRR31887253	21046170
SRR31887232	37121844
SRR31887242	35018308
SRR31887248	28781562
SRR31887220	48185226
SRR31887236	39369288
SRR31887256	22426172
SRR31887257	22448166
SRR31887199	63046072
SRR31887276	13461176
SRR31887241	42147306
SRR31887260	23960314
SRR31887259	24239776
SRR31887283	12453436
SRR31887279	14423458
SRR31887264	23087382
SRR31887271	22019388
SRR31887237	48679960
SRR31887287	11704638
SRR31887239	49561490
SRR31887272	25254034
SRR31887277	21732040
SRR31887273	26772658
SRR31887291	15538154
SRR31887275	26862974
SRR31887284	22453540
SRR31887285	20831120
SRR31887310	2933192
SRR31887304	10540478
SRR31887286	25109130
SRR31887292	22495050
SRR31887274	36121528
SRR31887316	2947552
SRR31887302	17362178
SRR31887319	109080
SRR31887263	41432316
SRR31887290	25444818
SRR31887294	24860116
SRR31887295	22880374
SRR31887323	2260114
SRR31887297	22572390
SRR31887280	35532082
SRR31887298	21831000
SRR31887306	18827916
SRR31887282	35206846
SRR31887293	28613454
SRR31887308	17152566
SRR31887311	15740402
SRR31887281	39679478
SRR31887313	15984294
SRR31887320	8625286
SRR31887303	26844262
SRR31887309	20186676
SRR31887307	23372174
SRR31887296	30042772
SRR31887289	35899024
SRR4041248	966244
SRR4041250	327198
SRR4041251	331496
SRR4041252	482614
SRR31887333	9222496
SRR4041249	1739688
SRR4041255	41238
SRR31887332	10195004
SRR31887305	30118044
SRR31887325	12496756
SRR4041253	519796
SRR31887317	16993326
SRR4041254	1598658
SRR31887324	15167186
SRR31887335	10236912
SRR31887329	16205534
SRR31887327	18551114
SRR31887312	29745550
SRR31887337	14197448
SRR31887331	19014202
SRR31887336	15084406
SRR31887339	14009082
SRR31887334	16683168
SRR31887326	21514518
SRR31887318	24662082
SRR31887301	43018436
SRR31887330	21010448
SRR31887340	17784924
SRR31887321	29966380
SRR31887322	33935218
SRR31887278	71102400
SRR31887315	46334450
SRR31887288	69034012
SRR31887328	40087846
SRR4075511	26194786
SRR4075499	31797278
SRR4075518	22803786
SRR4093306	677414
SRR4075510	31313564
SRR4075523	24212248
SRR4075519	25966670
SRR4101290	199752
SRR4075500	35358060
SRR4075513	29597442
SRR4101291	303078
SRR4101289	550436
SRR4101293	333670
SRR4075521	26098598
SRR31887314	53814372
SRR4101296	280150
SRR4101300	210502
SRR4101299	255548
SRR4075514	29342340
SRR4075515	29178736
SRR4101298	361002
SRR4101297	402606
SRR4101294	724298
SRR4101292	774546
SRR4101295	701020
SRR4101306	139470
SRR4101303	190242
SRR4101304	201780
SRR4101307	185520
SRR4101313	140770
SRR4101309	343686
SRR4101310	306940
SRR4101312	360898
SRR4075496	33270942
SRR4101314	317520
SRR4101305	593790
SRR4075498	35284784
SRR4101302	683650
SRR4101317	233080
SRR4101316	254012
SRR4101308	709426
SRR4101301	926958
SRR4101321	321630
SRR4075520	29660840
SRR4101322	368180
SRR4101315	644916
SRR4124949	291984
SRR4101324	352574
SRR4101311	943226
SRR4101318	623246
SRR4101323	560652
SRR4075516	31336676
SRR4101320	645472
SRR4075509	36474418
SRR4124953	300774
SRR4365563	220670
SRR4075522	29045170
SRR4124952	453436
SRR4124951	612720
SRR4450490	48508
SRR4075517	31312358
SRR4365569	269520
SRR4365564	439932
SRR4124955	612896
SRR4365567	424340
SRR4365566	422540
SRR4450492	164696
SRR4450488	382826
SRR4450489	284420
SRR4101319	2058748
SRR4365565	722180
SRR4450486	578090
SRR4450500	292574
SRR4124950	1626428
SRR4450491	735766
SRR4450501	470516
SRR4450493	913300
SRR4450495	701428
SRR4450497	686922
SRR4450502	460738
SRR4450496	711204
SRR4365568	1062838
SRR4450504	387968
SRR4075524	31240750
SRR4075497	33859300
SRR4075512	38946082
SRR4450505	508586
SRR4124954	1520876
SRR4450507	405476
SRR4450503	892582
SRR4450487	1405276
SRR4450508	547334
SRR4450509	505568
SRR4450485	2055158
SRR31887338	45385338
SRR4450498	1984156
SRR4450506	1329790
SRR4450494	2763412
SRR4075525	30538012
SRR5172884	1593322
SRR5188336	652844
SRR5208578	403866
SRR4875278	3440016
SRR5310847	125856
SRR4450499	2604502
SRR5310848	394104
SRR5188317	1921634
SRR5310850	628710
SRR5310855	71632
SRR5310856	470
SRR5310849	533694
SRR4875279	4451704
SRR5310851	553376
SRR5310852	543698
SRR5310853	670066
SRR5310854	774010
SRR4875280	5733446
SRR5310859	710052
SRR4875287	5522624
SRR4875281	5906394
SRR5310861	518986
SRR5310862	368990
SRR4875285	5949390
SRR5310860	927780
SRR5310864	404834
SRR5310872	798
SRR5310863	474114
SRR5310875	624
SRR5310857	1109954
SRR5310868	276952
SRR4875284	6021260
SRR5310870	245418
SRR5310869	384936
SRR5310876	262772
SRR6313183	163634
SRR5310867	649214
SRR5310874	631178
SRR6313181	460854
SRR6313184	346944
SRR4875288	6529842
SRR5310858	1885162
SRR6337288	403214
SRR6313182	590058
SRR6337287	466958
SRR5310866	1079828
SRR4875283	7163862
SRR4875290	7346022
SRR4075526	34731660
SRR6337289	344502
SRR4875291	7800384
SRR5310877	1176504
SRR5310871	1279666
SRR4875282	8778070
SRR4875286	8907664
SRR6514659	2846816
SRR5310865	2650688
SRR6514666	2744588
SRR648391	2930219
SRR6514668	3129886
SRR6514669	3233148
SRR6514670	3391060
SRR4875292	12264302
SRR6514657	5490950
SRR4075535	32031910
SRR6514667	5082364
SRR6514671	3397424
SRR4875289	13793512
SRR6514672	3591216
SRR6514673	3451574
SRR6514660	6975564
SRR6514655	6844338
SRR6514658	6608792
SRR6514656	7483952
SRR4875293	13710284
SRR6514662	7690292
SRR6514674	3670350
SRR6514675	3587610
SRR6514676	3642334
SRR6514677	3488572
SRR6514661	8080860
SRR6514681	2573032
SRR6514664	9253610
SRR6514679	3607966
SRR4075537	32689014
SRR6514682	3461560
SRR6514680	3412702
SRR6918189	45254
SRR6514686	4061654
SRR6514665	9776104
SRR6514683	3747906
SRR6918188	271794
SRR6514685	3275582
SRR6918190	302020
SRR6514663	10444046
SRR6966982	118978
SRR6966979	338752
SRR6918186	715630
SRR5172922	17887228
SRR6966978	465668
SRR6966981	368454
SRR6966983	326556
SRR6966980	584676
SRR7030678	2786
SRR6966984	299782
SRR7030680	76336
SRR7030682	3888
SRR6966990	186302
SRR7030684	906
SRR6966985	348300
SRR6966986	343090
SRR6514684	4275570
SRR7030688	2524
SRR6966988	328356
SRR6966987	412398
SRR7262863	3
SRR7262864	1
SRR7262865	1
SRR7262866	1
SRR7030683	185372
SRR7030690	288758
SRR7030679	613922
SRR7262869	1
SRR7262870	2
SRR7030685	518918
SRR7262873	1
SRR7262874	2
SRR7262875	1
SRR7030686	818878
SRR7030677	1202412
SRR6918187	1613624
SRR7262879	2
SRR7030689	663330
SRR7030687	1348384
SRR7587114	34616
SRR7587113	49762
SRR7587117	37328
SRR7587116	50562
SRR7587118	36174
SRR7587121	4
SRR7587119	40214
SRR7587124	13010
SRR7587125	32080
SRR7587126	32348
SRR7587130	14508
SRR7587127	25108
SRR7587132	10750
SRR7587131	22816
SRR7587135	15202
SRR7587134	82726
SRR7587138	976
SRR7587136	71568
SRR7587143	25104
SRR7587144	28264
SRR7587145	40184
SRR7587148	41126
SRR7587151	12502
SRR7587158	34872
SRR7587160	40680
SRR6966989	1430684
SRR7589560	0
SRR7589561	44476
SRR4075536	34928530
SRR6514688	8223638
SRR6514678	10149522
SRR4075539	37683044
SRR4075538	38056568
SRR6514690	8993280
SRR6918185	3893580
SRR7030681	5245826
SRR6514687	10661432
SRR7262872	6137401
SRR765683	3345712
SRR4075540	36404566
SRR765682	3726100
SRR7262867	8137412
SRR7262880	7469110
SRR6514689	12972886
SRR7262877	8257104
SRR7262871	8937053
SRR7262868	9158721
SRR7262876	8780278
SRR4075541	39786908
SRR765684	5790268
SRR8830667	5874380
SRR7262878	10069397
SRR765686	6161612
SRR8830666	7919666
SRR765687	6385802
SRR8830668	8511506
SRR5890763	29164854
SRR765685	8096084
SRR8742576	28900596
SRR7587236	19023624
SRR8830669	17800878
SRR7587240	28404274
SRR9640355	24346484
SRR9640345	27271380
SRR9640354	23596622
SRR9640346	26993036
SRR9640343	34113440
SRR9640344	32764358
SRR9640347	33821292
SRR9640351	34668816
SRR9640356	34510522
SRR9640353	34340662
SRR9640352	35886326
SRR9646966	34677240
SRR9640350	42639978
SRR6680339	67654540
SRR9640348	52207876
SRR6680338	76401986
SRR6680340	86984508
SRR6685439	86984506
SRR6680342	86549998
SRR6680337	92311682
