ID	sample_name	total	classified	unclassified
ERR5001731	13114.angenent.65.s009	4621476	7751	4613725
ERR5001761	13114.bittleston.68.s010	5807606	14934	5792672
ERR5001778	13114.bowen.74.s013	23612144	8102	23604042
ERR5001810	13114.jensen.43.s003	20898594	8358	20890236
ERR5001821	13114.jensen.43.s014	1886002	1534	1884468
ERR5001823	13114.jensen.43.s016	18685370	22473	18662897
ERR5001832	13114.king.27.s008	14220040	7054	14212986
ERR5001861	13114.mayer.33.s007	25189284	13938	25175346
ERR5001874	13114.mcmahon.21.s003	5875872	2166	5873706
ERR5001875	13114.mcmahon.21.s004	4248634	962	4247672
ERR5001886	13114.mcmahon.21.s015	5317150	2165	5314985
ERR5001887	13114.mcmahon.21.s016	3027698	1184	3026514
ERR5001914	13114.myrold.5.s003	145309534	47213	145262321
ERR5001915	13114.myrold.5.s004	14181796	4695	14177101
ERR5001919	13114.myrold.5.s008	91233900	202065	91031835
ERR5001929	13114.myrold.59.s006	21110084	34384	21075700
ERR5001938	13114.myrold.59.s019	7826580	8790	7817790
ERR5001962	13114.pinto.63.s003	8885858	4512688	4373170
ERR5001987	13114.rohwer.84.s001	6608944	3171	6605773
ERR5001989	13114.rohwer.84.s003	2009072	1876	2007196
ERR5001991	13114.rohwer.84.s005	22751892	6102	22745790
ERR5001992	13114.rohwer.84.s006	15173400	3791	15169609
ERR5002013	13114.rohwer.86.s001	21133670	4733	21128937
ERR5002021	13114.roy.chowdhury.45.s015	11003848	1322	11002526
ERR5002030	13114.sandin.54.s009	18712218	13445	18698773
ERR5002032	13114.sandin.54.s011	18671798	15944	18655854
ERR5002084	13114.song.51.s010	30827864	37702	30790162
ERR5002122	13114.song.53.s013	8243484	54468	8189016
ERR5002135	13114.stegen.36.s010	141443184	30410	141412774
ERR5002141	13114.stegen.37.s004	16410362	8905	16401457
ERR5002194	13114.thomas.18.s017	4965640	707	4964933
ERR5002195	13114.thomas.18.s018	5162644	596	5162048
ERR5002197	13114.thomas.18.s020	9995682	1391	9994291
ERR5002208	13114.thomas.19.s002	7128680	4066	7124614
ERR5002215	13114.thomas.19.s014	3994260	3215	3991045
ERR5002217	13114.thomas.19.s017	4321606	3138	4318468
ERR5002218	13114.thomas.19.s018	5156400	4117	5152283
ERR5002221	13114.thomas.19.s021	3246922	2897	3244025
ERR5002222	13114.thomas.19.s022	6968988	4968	6964020
ERR5002225	13114.thomas.19.s025	4075294	1416	4073878
ERR5002234	13114.tucker.58.s014	2794174	1181	2792993
ERR5002252	13114.zaneveld.9.s006	19180116	51955	19128161
ERR5003005	13114.angenent.65.s003	3203010	3943	3199067
ERR5003006	13114.angenent.65.s004	6527168	16977	6510191
ERR5003009	13114.angenent.65.s007	21949208	27013	21922195
ERR5003010	13114.angenent.65.s008	4144210	8390	4135820
ERR5003012	13114.berry.2.s001	21406882	7571	21399311
ERR5003014	13114.berry.2.s003	18594710	2137	18592573
ERR5003034	13114.bittleston.68.s003	17651038	138746	17512292
ERR5003037	13114.bittleston.68.s006	16786652	7197	16779455
ERR5003043	13114.bittleston.68.s014	5042178	8232	5033946
ERR5003050	13114.bowen.74.s006	18865838	5079	18860759
ERR5003052	13114.bowen.74.s008	5475146	1634	5473512
ERR5003059	13114.bowen.74.s015	20074884	7555	20067329
ERR5003067	13114.distel.72.s007	7630616	5614	7625002
ERR5003079	13114.girguis.50.s005	45668360	39794	45628566
ERR5003087	13114.jensen.43.s001	12962990	3579	12959411
ERR5003091	13114.jensen.43.s005	2493564	1050	2492514
ERR5003101	13114.jensen.43.s015	17058966	9743	17049223
ERR5003109	13114.king.27.s005	7325404	8618	7316786
ERR5003112	13114.king.27.s009	5596244	3692	5592552
ERR5003116	13114.king.27.s013	18881676	168104	18713572
ERR5003119	13114.king.27.s016	15974958	4260	15970698
ERR5003125	13114.macrae.crerar.3.s004	22964122	9549	22954573
ERR5003126	13114.macrae.crerar.3.s005	16026964	14728	16012236
ERR5003129	13114.macrae.crerar.3.s009	95691998	66100	95625898
ERR5003132	13114.macrae.crerar.3.s012	18158642	13864	18144778
ERR5003133	13114.makhalanyane.46.s010	16273326	10487	16262839
ERR5003142	13114.mayer.34.s002	21665266	33102	21632164
ERR5003144	13114.mayer.34.s004	12023314	6449	12016865
ERR5003146	13114.mayer.34.s006	15394676	9558	15385118
ERR5003151	13114.mcmahon.21.s001	3394082	875	3393207
ERR5003152	13114.mcmahon.21.s002	4337854	1156	4336698
ERR5003155	13114.mcmahon.21.s005	5045316	1200	5044116
ERR5003156	13114.mcmahon.21.s006	2976416	481	2975935
ERR5003157	13114.mcmahon.21.s007	5000662	929	4999733
ERR5003161	13114.mcmahon.21.s011	8994320	3977	8990343
ERR5003162	13114.mcmahon.21.s012	2367226	912	2366314
ERR5003163	13114.mcmahon.21.s013	4466818	1883	4464935
ERR5003164	13114.mcmahon.21.s014	4230240	1701	4228539
ERR5003167	13114.mcmahon.21.s017	4714442	1620	4712822
ERR5003169	13114.metcalf.40.s002	17504588	7922	17496666
ERR5003173	13114.metcalf.40.s006	22865776	77313	22788463
ERR5003181	13114.metcalf.40.s014	13573334	9717	13563617
ERR5003197	13114.myrold.5.s007	31479704	28093	31451611
ERR5003199	13114.myrold.5.s009	21436330	78959	21357371
ERR5003207	13114.myrold.59.s005	13428290	6767	13421523
ERR5003219	13114.myrold.59.s021	6449082	27919	6421163
ERR5003220	13114.myrold.59.s022	10548926	7802	10541124
ERR5003228	13114.palenik.42.s009	22698742	17904	22680838
ERR5003234	13114.palenik.42.s016	4454200	11221	4442979
ERR5003235	13114.palenik.42.s017	15985952	11202	15974750
ERR5003237	13114.palenik.42.s019	20539554	38950	20500604
ERR5003242	13114.pinto.63.s004	21014118	14986240	6027878
ERR5003248	13114.pinto.63.s011	19273576	14165560	5108016
ERR5003258	13114.pinto.63.s021	3260880	23114	3237766
ERR5003262	13114.pinto.63.s025	15498502	248134	15250368
ERR5003267	13114.rohwer.84.s002	4004280	3894	4000386
ERR5003269	13114.rohwer.84.s004	4622066	3355	4618711
ERR5003274	13114.rohwer.84.s014	1314976	1240	1313736
ERR5003275	13114.rohwer.85.s001	7838856	32482	7806374
ERR5003279	13114.rohwer.85.s005	1101904	14659	1087245
ERR5003280	13114.rohwer.85.s006	10988718	146752	10841966
ERR5003286	13114.rohwer.85.s019	20605622	229294	20376328
ERR5003289	13114.rohwer.85.s022	15574286	1657413	13916873
ERR5003298	13114.roy.chowdhury.45.s010	1928612	726	1927886
ERR5003301	13114.roy.chowdhury.45.s016	13521414	1216	13520198
ERR5003306	13114.sandin.54.s004	27756388	17398	27738990
ERR5003313	13114.sandin.54.s013	5448764	7754	5441010
ERR5003328	13114.seedorf.71.s001	13542234	5373	13536861
ERR5003334	13114.seedorf.71.s009	43463498	39934	43423564
ERR5003336	13114.seedorf.71.s011	21856984	22546	21834438
ERR5003339	13114.seedorf.71.s014	20949974	11650	20938324
ERR5003343	13114.shade.23.s006	4762918	28604	4734314
ERR5003345	13114.shade.23.s008	59438706	45989	59392717
ERR5003348	13114.smith.39.s001	5639128	5137	5633991
ERR5003353	13114.smith.39.s006	1923314	1074	1922240
ERR5003360	13114.song.51.s007	35587402	452208	35135194
ERR5003376	13114.song.52.s003	41732186	21420	41710766
ERR5003380	13114.song.52.s007	41763760	45351	41718409
ERR5003382	13114.song.52.s009	41411170	27403	41383767
ERR5003387	13114.song.52.s014	33815218	88539	33726679
ERR5003388	13114.song.52.s015	14929704	28339	14901365
ERR5003389	13114.song.53.s001	41016756	28818	40987938
ERR5003408	13114.stegen.36.s003	3446194	983	3445211
ERR5003411	13114.stegen.36.s007	9914708	3053	9911655
ERR5003417	13114.stegen.36.s013	14393346	3722	14389624
ERR5003423	13114.stegen.38.s003	3846336	47706	3798630
ERR5003441	13114.stewart.26.s005	3794358	1056	3793302
ERR5003442	13114.stewart.26.s006	3934488	1231	3933257
ERR5003443	13114.stewart.26.s007	16695652	8327	16687325
ERR5003447	13114.tait.77.s003	19201798	30786	19171012
ERR5003453	13114.tait.77.s009	21223078	54038	21169040
ERR5003460	13114.thomas.18.s004	5243684	1361	5242323
ERR5003461	13114.thomas.18.s005	6080374	1856	6078518
ERR5003462	13114.thomas.18.s006	4164988	2130	4162858
ERR5003463	13114.thomas.18.s007	6648462	4222	6644240
ERR5003464	13114.thomas.18.s008	11111236	3618	11107618
ERR5003467	13114.thomas.18.s011	5302460	1485	5300975
ERR5003478	13114.thomas.18.s022	4964602	14295	4950307
ERR5003483	13114.thomas.18.s027	2736236	2664	2733572
ERR5003488	13114.thomas.19.s003	3592336	1401	3590935
ERR5003489	13114.thomas.19.s004	4312076	2974	4309102
ERR5003490	13114.thomas.19.s007	4565636	3550	4562086
ERR5003491	13114.thomas.19.s008	6687702	5707	6681995
ERR5003492	13114.thomas.19.s009	3400836	4148	3396688
ERR5003493	13114.thomas.19.s010	5344968	8910	5336058
ERR5003495	13114.thomas.19.s015	NA	NA	NA
ERR5003498	13114.thomas.19.s019	6271614	6585	6265029
ERR5003499	13114.thomas.19.s020	5079776	6003	5073773
ERR5003502	13114.thomas.19.s023	4781262	2434	4778828
ERR5003503	13114.thomas.19.s024	5793454	5018	5788436
ERR5003505	13114.thomas.19.s026	4846662	3104	4843558
ERR5003509	13114.tucker.58.s008	464338	1180	463158
ERR5003515	13114.tucker.58.s016	23993374	68037	23925337
ERR5003517	13114.uren.82.s002	3285798	38005	3247793
ERR5003528	13114.zaneveld.9.s003	19190030	94238	19095792
ERR5003533	13114.zaneveld.9.s008	15967840	40967	15926873
ERR5003540	13114.zaneveld.9.s016	9359116	16629	9342487
ERR5003561	13114.BLANK1.1C	4	0	4
ERR5003563	13114.BLANK2.2A	212	0	212
ERR5003568	13114.BLANK3.3B	22	0	22
ERR5003569	13114.BLANK3.3C	50	0	50
ERR5003573	13114.BLANK4.3C	88	0	88
ERR5003574	13114.BLANK4.3D	238	0	238
ERR5003575	13114.angenent.65.s001	18152396	75806	18076590
ERR5003576	13114.angenent.65.s002	22607094	36902	22570192
ERR5003578	13114.angenent.65.s006	5175088	7403	5167685
ERR5003585	13114.berry.2.s006	16431896	39024	16392872
ERR5003587	13114.berry.2.s008	27625858	3852	27622006
ERR5003592	13114.berry.2.s013	25438624	4065	25434559
ERR5003595	13114.berry.2.s016	20730642	1649	20728993
ERR5003596	13114.berry.2.s017	14324750	1446	14323304
ERR5003598	13114.berry.2.s019	12549480	511	12548969
ERR5003600	13114.bittleston.68.s001	5637018	7893	5629125
ERR5003604	13114.bittleston.68.s005	18365436	14092	18351344
ERR5003607	13114.bittleston.68.s008	17844580	31129	17813451
ERR5003611	13114.bittleston.68.s012	4804516	19902	4784614
ERR5003614	13114.bittleston.68.s015	2143214	1112	2142102
ERR5003618	13114.bowen.74.s004	20005220	7642	19997578
ERR5003635	13114.distel.72.s005	17116310	25917	17090393
ERR5003641	13114.distel.72.s011	22707816	7010	22700806
ERR5003645	13114.distel.72.s015	24710030	33171	24676859
ERR5003653	13114.girguis.50.s008	37244198	37733	37206465
ERR5003659	13114.jensen.43.s002	941944	922	941022
ERR5003661	13114.jensen.43.s004	12381348	4592	12376756
ERR5003663	13114.jensen.43.s006	20673946	12582	20661364
ERR5003664	13114.jensen.43.s007	14721568	2858	14718710
ERR5003665	13114.jensen.43.s008	1574594	278	1574316
ERR5003666	13114.jensen.43.s009	10140742	1645	10139097
ERR5003667	13114.jensen.43.s010	22466786	3336	22463450
ERR5003668	13114.jensen.43.s011	23131672	2964	23128708
ERR5003674	13114.jensen.43.s017	8183722	3433	8180289
ERR5003676	13114.jensen.43.s019	18044200	11213	18032987
ERR5003677	13114.king.27.s001	31839284	35100	31804184
ERR5003679	13114.king.27.s003	1919446	2911	1916535
ERR5003680	13114.king.27.s004	4398938	8160	4390778
ERR5003690	13114.king.27.s014	7629198	31607	7597591
ERR5003693	13114.king.27.s017	898	1	897
ERR5003694	13114.king.27.s018	4541220	1789	4539431
ERR5003696	13114.king.27.s020	18802102	3941	18798161
ERR5003697	13114.king.27.s021	70	0	70
ERR5003699	13114.macrae.crerar.3.s002	14304614	6042	14298572
ERR5003700	13114.macrae.crerar.3.s003	15072172	13602	15058570
ERR5003703	13114.macrae.crerar.3.s006	10465424	6563	10458861
ERR5003705	13114.macrae.crerar.3.s008	4508926	4565	4504361
ERR5003707	13114.macrae.crerar.3.s010	4907550	5633	4901917
ERR5003711	13114.makhalanyane.46.s002	750	5	745
ERR5003714	13114.makhalanyane.46.s005	207812	267	207545
ERR5003718	13114.makhalanyane.46.s009	155732	296	155436
ERR5003720	13114.makhalanyane.47.s001	3654	10	3644
ERR5003723	13114.makhalanyane.47.s004	366	1	365
ERR5003727	13114.makhalanyane.47.s008	890	0	890
ERR5003732	13114.mayer.33.s004	22197846	10348	22187498
ERR5003742	13114.mayer.34.s007	17610084	12484	17597600
ERR5003743	13114.mayer.34.s008	21665692	31655	21634037
ERR5003747	13114.mcmahon.21.s009	28650678	19096	28631582
ERR5003751	13114.metcalf.40.s003	4240890	161913	4078977
ERR5003752	13114.metcalf.40.s004	10128042	21551	10106491
ERR5003753	13114.metcalf.40.s005	19144964	64606	19080358
ERR5003757	13114.metcalf.40.s009	22194584	12550	22182034
ERR5003758	13114.metcalf.40.s010	21326452	11541	21314911
ERR5003761	13114.metcalf.40.s013	18093010	1051998	17041012
ERR5003763	13114.metcalf.81.s001	24167238	43504	24123734
ERR5003764	13114.metcalf.81.s002	20352622	227921	20124701
ERR5003765	13114.metcalf.81.s003	24305546	878346	23427200
ERR5003769	13114.minich.76.s004	9241736	100606	9141130
ERR5003782	13114.mousseau.88.s011	151174046	31282951	119891095
ERR5003787	13114.mousseau.88.s016	178639060	258231	178380829
ERR5003790	13114.mousseau.88.s019	250066480	177226	249889254
ERR5003791	13114.mousseau.88.s020	646110	1201	644909
ERR5003801	13114.mousseau.88.s030	30810488	13069	30797419
ERR5003807	13114.mousseau.88.s036	6216332	20346	6195986
ERR5003816	13114.mousseau.88.s046	16885242	6284	16878958
ERR5003818	13114.mousseau.88.s048	581294	456	580838
ERR5003819	13114.mousseau.88.s049	14911492	13102	14898390
ERR5003823	13114.mousseau.88.s053	14765916	5770	14760146
ERR5003825	13114.mousseau.88.s055	15534702	8505	15526197
ERR5003828	13114.mousseau.88.s058	17708506	15447	17693059
ERR5003835	13114.mousseau.88.s066	8725194	4199	8720995
ERR5003836	13114.mousseau.88.s067	158298	282	158016
ERR5003854	13114.mousseau.88.s085	3204152	4461	3199691
ERR5003855	13114.mousseau.88.s086	16208164	14995	16193169
ERR5003873	13114.mousseau.88.s104	11397892	4958	11392934
ERR5003882	13114.myrold.5.s001	19329976	4801	19325175
ERR5003886	13114.myrold.5.s005	35170344	12330	35158014
ERR5003887	13114.myrold.5.s006	28949330	10829	28938501
ERR5003893	13114.myrold.5.s012	15461678	6085	15455593
ERR5003894	13114.myrold.59.s001	15309182	21371	15287811
ERR5003905	13114.myrold.59.s012	3342	51	3291
ERR5003910	13114.myrold.59.s017	11231540	52880	11178660
ERR5003913	13114.myrold.59.s020	4624324	25331	4598993
ERR5003922	13114.palenik.42.s007	22963314	22759	22940555
ERR5003929	13114.palenik.42.s014	542286	796	541490
ERR5003930	13114.palenik.42.s015	17293986	49778	17244208
ERR5003932	13114.palenik.42.s018	23761762	30181	23731581
ERR5003935	13114.pinto.63.s001	13420420	5997678	7422742
ERR5003943	13114.pinto.63.s009	19167348	102387	19064961
ERR5003947	13114.pinto.63.s013	17629558	238294	17391264
ERR5003948	13114.pinto.63.s014	13876276	17036	13859240
ERR5003949	13114.pinto.63.s015	18901936	11292356	7609580
ERR5003950	13114.pinto.63.s016	23414694	18831142	4583552
ERR5003960	13114.pinto.63.s026	4482928	15826	4467102
ERR5003962	13114.pinto.63.s028	16809322	209937	16599385
ERR5003965	13114.rohwer.84.s007	20381844	7778	20374066
ERR5003975	13114.rohwer.85.s009	92	0	92
ERR5003976	13114.rohwer.85.s010	129158	2086	127072
ERR5003977	13114.rohwer.85.s011	9825476	763129	9062347
ERR5003989	13114.rohwer.85.s023	93648	7719	85929
ERR5003990	13114.rohwer.85.s024	1671252	225696	1445556
ERR5003991	13114.rohwer.85.s025	98200	32842	65358
ERR5003997	13114.roy.chowdhury.45.s001	155428	50	155378
ERR5003998	13114.roy.chowdhury.45.s002	13358	2	13356
ERR5003999	13114.roy.chowdhury.45.s003	18118	3	18115
ERR5004001	13114.roy.chowdhury.45.s005	3746	7	3739
ERR5004002	13114.roy.chowdhury.45.s006	14358292	2516	14355776
ERR5004003	13114.roy.chowdhury.45.s007	14643980	4213	14639767
ERR5004005	13114.roy.chowdhury.45.s009	138626	875	137751
ERR5004007	13114.roy.chowdhury.45.s011	591374	92	591282
ERR5004014	13114.roy.chowdhury.45.s018	26422	9	26413
ERR5004016	13114.roy.chowdhury.45.s020	16204852	3870	16200982
ERR5004017	13114.roy.chowdhury.45.s021	7684548	3317	7681231
ERR5004021	13114.sandin.54.s001	126006	134	125872
ERR5004022	13114.sandin.54.s002	139938	151	139787
ERR5004025	13114.sandin.54.s005	604754	5214	599540
ERR5004027	13114.sandin.54.s007	5034502	3791	5030711
ERR5004030	13114.sandin.54.s010	17071184	9926	17061258
ERR5004034	13114.sandin.54.s014	22559710	18133	22541577
ERR5004037	13114.schmidt.56.s002	1016430	313	1016117
ERR5004040	13114.schmidt.56.s005	22018	3	22015
ERR5004045	13114.schmidt.56.s010	2944	2	2942
ERR5004046	13114.schmidt.56.s011	14038	0	14038
ERR5004047	13114.schmidt.56.s012	14047906	9447	14038459
ERR5004049	13114.schmidt.56.s014	15487226	8088	15479138
ERR5004051	13114.schmidt.56.s016	7376	4	7372
ERR5004054	13114.schmidt.56.s019	22666	16	22650
ERR5004059	13114.schmidt.56.s024	18751984	15652	18736332
ERR5004064	13114.seedorf.71.s003	16873506	19196	16854310
ERR5004068	13114.seedorf.71.s007	13725482	4374	13721108
ERR5004069	13114.seedorf.71.s008	213564	346	213218
ERR5004071	13114.seedorf.71.s010	42771352	19832	42751520
ERR5004076	13114.shade.23.s001	318730	1506	317224
ERR5004077	13114.shade.23.s002	85721202	57184	85664018
ERR5004078	13114.shade.23.s003	16497058	29932	16467126
ERR5004087	13114.smith.39.s002	4910318	2701	4907617
ERR5004089	13114.smith.39.s004	846234	464	845770
ERR5004090	13114.smith.39.s005	24153408	16004	24137404
ERR5004093	13114.smith.39.s008	401574	901	400673
ERR5004104	13114.song.51.s011	45095710	696020	44399690
ERR5004105	13114.song.51.s012	36140640	35455	36105185
ERR5004112	13114.song.51.s019	41514714	17917	41496797
ERR5004118	13114.song.52.s005	35372506	27116	35345390
ERR5004119	13114.song.52.s006	32812416	23699	32788717
ERR5004137	13114.song.53.s009	16774274	63576	16710698
ERR5004143	13114.song.53.s015	77065632	907291	76158341
ERR5004151	13114.stegen.36.s004	23390706	29232	23361474
ERR5004152	13114.stegen.36.s005	45940	40	45900
ERR5004155	13114.stegen.36.s008	17208800	4513	17204287
ERR5004159	13114.stegen.36.s012	20724106	6207	20717899
ERR5004162	13114.stegen.36.s015	9716910	4499	9712411
ERR5004167	13114.stegen.37.s005	3222	1	3221
ERR5004173	13114.stegen.38.s001	25418686	259123	25159563
ERR5004174	13114.stegen.38.s002	32445234	304453	32140781
ERR5004178	13114.stegen.38.s006	26244986	74955	26170031
ERR5004180	13114.stegen.38.s008	372206	2090	370116
ERR5004182	13114.stegen.38.s010	1089230	6430	1082800
ERR5004184	13114.stegen.38.s012	29624118	79316	29544802
ERR5004185	13114.stegen.38.s013	17762848	103145	17659703
ERR5004191	13114.stewart.26.s001	10400484	4023	10396461
ERR5004193	13114.stewart.26.s003	1325160	437	1324723
ERR5004200	13114.tait.77.s002	18283236	38701	18244535
ERR5004204	13114.tait.77.s006	17996486	87577	17908909
ERR5004205	13114.tait.77.s007	17013110	88065	16925045
ERR5004208	13114.tait.78.s001	27740268	6685	27733583
ERR5004209	13114.tait.78.s002	29348094	17871	29330223
ERR5004212	13114.thomas.18.s002	30497398	6121	30491277
ERR5004213	13114.thomas.18.s003	14677948	9218	14668730
ERR5004215	13114.thomas.18.s009	24416912	7806	24409106
ERR5004219	13114.thomas.18.s013	25942770	12821	25929949
ERR5004221	13114.thomas.18.s015	21036742	2351	21034391
ERR5004223	13114.thomas.18.s019	14887102	2036	14885066
ERR5004226	13114.thomas.18.s024	19630368	68051	19562317
ERR5004228	13114.thomas.18.s026	13889854	9195	13880659
ERR5004233	13114.thomas.18.s032	452	0	452
ERR5004234	13114.thomas.18.s033	12329828	6082	12323746
ERR5004235	13114.thomas.18.s034	358	7	351
ERR5004241	13114.thomas.18.s040	14360072	30054	14330018
ERR5004243	13114.thomas.18.s042	30	0	30
ERR5004244	13114.thomas.18.s043	11548994	2542	11546452
ERR5004247	13114.thomas.18.s046	15207334	2095	15205239
ERR5004249	13114.thomas.18.s048	14432014	1824	14430190
ERR5004251	13114.thomas.18.s050	8203814	27523	8176291
ERR5004252	13114.thomas.18.s051	5111260	18862	5092398
ERR5004255	13114.thomas.18.s054	8090210	7283	8082927
ERR5004260	13114.thomas.19.s051	2637224	2188	2635036
ERR5004261	13114.thomas.19.s052	9371500	4410	9367090
ERR5004262	13114.thomas.19.s053	9319168	5016	9314152
ERR5004266	13114.thomas.19.s057	4572550	3021	4569529
ERR5004270	13114.thomas.19.s061	1878310	1230	1877080
ERR5004272	13114.thomas.19.s063	2864456	1776	2862680
ERR5004274	13114.tucker.58.s001	2222750	1457	2221293
ERR5004275	13114.tucker.58.s002	18330	41	18289
ERR5004278	13114.tucker.58.s005	2480	17	2463
ERR5004283	13114.tucker.58.s010	526906	734	526172
ERR5004285	13114.tucker.58.s012	19422068	58595	19363473
ERR5004297	13114.uren.82.s008	4584276	76958	4507318
ERR5004298	13114.uren.82.s009	4755168	39522	4715646
ERR5004300	13114.uren.82.s011	368750	4337	364413
ERR5004301	13114.uren.82.s012	24484660	253604	24231056
ERR5004310	13114.zaneveld.9.s009	21811820	24340	21787480
ERR5004311	13114.zaneveld.9.s010	7995802	31115	7964687
ERR5004320	13114.zaneveld.9.s019	2233604	5063	2228541
ERR5004347	13114.BLANK1.1A	32	0	32
ERR5004348	13114.BLANK1.1B	88	0	88
ERR5004349	13114.BLANK1.1D	70	0	70
ERR5004351	13114.BLANK2.2B	434	0	434
ERR5004352	13114.BLANK2.2C	214	0	214
ERR5004353	13114.BLANK2.2D	264	2	262
ERR5004354	13114.BLANK3.3A	50	0	50
ERR5004357	13114.BLANK3.3D	50	0	50
ERR5004358	13114.BLANK4.3A	28	0	28
ERR5004359	13114.BLANK4.3B	32	0	32
ERR5004364	13114.angenent.65.s005	7669196	9719	7659477
ERR5004368	13114.berry.2.s002	22677348	3527	22673821
ERR5004370	13114.berry.2.s004	9571552	505	9571047
ERR5004371	13114.berry.2.s005	5498120	1830	5496290
ERR5004373	13114.berry.2.s007	4416216	1223	4414993
ERR5004375	13114.berry.2.s009	24006558	1988	24004570
ERR5004376	13114.berry.2.s010	16409960	857	16409103
ERR5004377	13114.berry.2.s011	15398996	774	15398222
ERR5004378	13114.berry.2.s012	6018772	268	6018504
ERR5004380	13114.berry.2.s014	24957934	3590	24954344
ERR5004381	13114.berry.2.s015	13551100	15404	13535696
ERR5004384	13114.berry.2.s018	15564866	1840	15563026
ERR5004386	13114.berry.2.s020	25146800	797	25146003
ERR5004388	13114.bittleston.68.s002	19599338	109403	19489935
ERR5004390	13114.bittleston.68.s004	17435060	22430	17412630
ERR5004393	13114.bittleston.68.s007	14608978	26616	14582362
ERR5004395	13114.bittleston.68.s009	4978422	7211	4971211
ERR5004397	13114.bittleston.68.s011	1269750	4975	1264775
ERR5004399	13114.bittleston.68.s013	148898	218	148680
ERR5004402	13114.bowen.74.s001	26246916	7871	26239045
ERR5004403	13114.bowen.74.s002	22914326	8133	22906193
ERR5004404	13114.bowen.74.s003	18665760	8591	18657169
ERR5004406	13114.bowen.74.s005	16396728	4045	16392683
ERR5004408	13114.bowen.74.s007	18889142	4411	18884731
ERR5004410	13114.bowen.74.s009	21688136	6509	21681627
ERR5004411	13114.bowen.74.s010	925548	431	925117
ERR5004412	13114.bowen.74.s011	25597538	8111	25589427
ERR5004413	13114.bowen.74.s012	23331332	7693	23323639
ERR5004415	13114.bowen.74.s014	18633862	5036	18628826
ERR5004417	13114.bowen.74.s016	14446762	4011	14442751
ERR5004418	13114.distel.72.s001	18271856	99811	18172045
ERR5004419	13114.distel.72.s002	11180480	16490	11163990
ERR5004420	13114.distel.72.s003	21708304	27101	21681203
ERR5004421	13114.distel.72.s004	19718770	24324	19694446
ERR5004423	13114.distel.72.s006	17727388	40558	17686830
ERR5004425	13114.distel.72.s008	24966532	14533	24951999
ERR5004426	13114.distel.72.s009	7143252	4176	7139076
ERR5004427	13114.distel.72.s010	21110912	33303	21077609
ERR5004429	13114.distel.72.s012	12492610	4167	12488443
ERR5004430	13114.distel.72.s013	17551376	6785	17544591
ERR5004431	13114.distel.72.s014	15136	61	15075
ERR5004435	13114.girguis.50.s003	15571432	37422	15534010
ERR5004442	13114.girguis.50.s010	16209178	9373	16199805
ERR5004443	13114.girguis.50.s011	14327896	9545	14318351
ERR5004456	13114.jensen.43.s012	16355216	8195	16347021
ERR5004457	13114.jensen.43.s013	4044246	1922	4042324
ERR5004462	13114.jensen.43.s018	5278932	978	5277954
ERR5004465	13114.king.27.s002	369080	99	368981
ERR5004469	13114.king.27.s006	233852	31	233821
ERR5004470	13114.king.27.s007	5473932	2826	5471106
ERR5004473	13114.king.27.s010	7715280	29875	7685405
ERR5004474	13114.king.27.s011	10403660	64184	10339476
ERR5004475	13114.king.27.s012	8607806	16562	8591244
ERR5004478	13114.king.27.s015	7155474	24481	7130993
ERR5004482	13114.king.27.s019	202	0	202
ERR5004485	13114.macrae.crerar.3.s001	3944422	2403	3942019
ERR5004491	13114.macrae.crerar.3.s007	22930	71	22859
ERR5004495	13114.macrae.crerar.3.s011	17291056	20774	17270282
ERR5004497	13114.makhalanyane.46.s001	518	0	518
ERR5004499	13114.makhalanyane.46.s003	572	0	572
ERR5004500	13114.makhalanyane.46.s004	40856	67	40789
ERR5004502	13114.makhalanyane.46.s006	24124	31	24093
ERR5004503	13114.makhalanyane.46.s007	616610	343	616267
ERR5004504	13114.makhalanyane.46.s008	57784	32	57752
ERR5004508	13114.makhalanyane.47.s002	50	0	50
ERR5004509	13114.makhalanyane.47.s003	788	0	788
ERR5004511	13114.makhalanyane.47.s005	132	0	132
ERR5004512	13114.makhalanyane.47.s006	46	2	44
ERR5004513	13114.makhalanyane.47.s007	11026	36	10990
ERR5004515	13114.makhalanyane.47.s009	536	2	534
ERR5004516	13114.mayer.33.s001	23129294	15877	23113417
ERR5004517	13114.mayer.33.s002	28322196	16260	28305936
ERR5004518	13114.mayer.33.s003	11549730	4652	11545078
ERR5004520	13114.mayer.33.s005	27364410	9762	27354648
ERR5004521	13114.mayer.33.s006	24711042	22119	24688923
ERR5004523	13114.mayer.34.s001	28746732	60003	28686729
ERR5004525	13114.mayer.34.s003	19353108	26238	19326870
ERR5004527	13114.mayer.34.s005	21908700	8778	21899922
ERR5004531	13114.mayer.34.s009	20565646	13357	20552289
ERR5004532	13114.mayer.34.s010	20497638	15756	20481882
ERR5004533	13114.mcmahon.21.s008	30332514	18932	30313582
ERR5004535	13114.mcmahon.21.s010	29496840	18957	29477883
ERR5004536	13114.metcalf.40.s001	21459132	13498	21445634
ERR5004542	13114.metcalf.40.s007	16474568	55658	16418910
ERR5004543	13114.metcalf.40.s008	18250088	38178	18211910
ERR5004546	13114.metcalf.40.s011	23303526	558045	22745481
ERR5004547	13114.metcalf.40.s012	23364692	105229	23259463
ERR5004553	13114.minich.76.s001	42247104	166933	42080171
ERR5004554	13114.minich.76.s002	61601736	28604	61573132
ERR5004560	13114.mousseau.88.s002	6337640	4665	6332975
ERR5004561	13114.mousseau.88.s003	14435968	6146	14429822
ERR5004564	13114.mousseau.88.s006	5874386	2721	5871665
ERR5004565	13114.mousseau.88.s007	6116156	3262	6112894
ERR5004570	13114.mousseau.88.s012	577576	294	577282
ERR5004571	13114.mousseau.88.s013	340220	810	339410
ERR5004572	13114.mousseau.88.s014	17758194	23770	17734424
ERR5004576	13114.mousseau.88.s018	28898	27	28871
ERR5004579	13114.mousseau.88.s021	14020556	5043	14015513
ERR5004581	13114.mousseau.88.s023	40571884	14185	40557699
ERR5004585	13114.mousseau.88.s027	4535070	1797	4533273
ERR5004587	13114.mousseau.88.s029	76444842	51916	76392926
ERR5004592	13114.mousseau.88.s034	1110540	1592	1108948
ERR5004598	13114.mousseau.88.s041	15041148	9690	15031458
ERR5004601	13114.mousseau.88.s044	2439096	3210	2435886
ERR5004616	13114.mousseau.88.s059	6103536	6695	6096841
ERR5004617	13114.mousseau.88.s061	4293466	2901	4290565
ERR5004619	13114.mousseau.88.s063	11987704	5000	11982704
ERR5004621	13114.mousseau.88.s065	30765384	18396	30746988
ERR5004624	13114.mousseau.88.s068	12082688	3843	12078845
ERR5004625	13114.mousseau.88.s069	18604324	7548	18596776
ERR5004637	13114.mousseau.88.s081	21734564	15275	21719289
ERR5004640	13114.mousseau.88.s084	24746336	9572	24736764
ERR5004643	13114.mousseau.88.s087	17722456	10969	17711487
ERR5004644	13114.mousseau.88.s088	3995268	3122	3992146
ERR5004646	13114.mousseau.88.s090	11363734	4171	11359563
ERR5004648	13114.mousseau.88.s092	7627424	4275	7623149
ERR5004656	13114.mousseau.88.s100	8888998	4684	8884314
ERR5004657	13114.mousseau.88.s101	13233414	3735	13229679
ERR5004658	13114.mousseau.88.s102	4225554	1282	4224272
ERR5004659	13114.mousseau.88.s103	3808608	1611	3806997
ERR5004662	13114.mousseau.88.s106	9893692	3528	9890164
ERR5004667	13114.mousseau.88.s111	1068058	231	1067827
ERR5004668	13114.mousseau.88.s112	4934030	1665	4932365
ERR5004670	13114.myrold.5.s002	28876228	7976	28868252
ERR5004678	13114.myrold.5.s010	29744724	13873	29730851
ERR5004679	13114.myrold.5.s011	19051944	8852	19043092
ERR5004682	13114.myrold.59.s002	44289226	24151	44265075
ERR5004683	13114.myrold.59.s003	9898660	14371	9884289
ERR5004684	13114.myrold.59.s004	33148436	61960	33086476
ERR5004687	13114.myrold.59.s007	22892368	5674	22886694
ERR5004688	13114.myrold.59.s008	1493196	3809	1489387
ERR5004689	13114.myrold.59.s009	3687480	33795	3653685
ERR5004690	13114.myrold.59.s010	14859266	277513	14581753
ERR5004691	13114.myrold.59.s011	33596730	16700	33580030
ERR5004693	13114.myrold.59.s013	71154	40	71114
ERR5004694	13114.myrold.59.s014	26788	186	26602
ERR5004695	13114.myrold.59.s015	28837920	8303	28829617
ERR5004696	13114.myrold.59.s016	1028098	565	1027533
ERR5004698	13114.myrold.59.s018	168	0	168
ERR5004703	13114.palenik.42.s001	22082624	78078	22004546
ERR5004704	13114.palenik.42.s002	27040928	31586	27009342
ERR5004705	13114.palenik.42.s003	19293568	20571	19272997
ERR5004706	13114.palenik.42.s004	267762	295	267467
ERR5004707	13114.palenik.42.s005	4896290	13013	4883277
ERR5004708	13114.palenik.42.s006	17443866	23476	17420390
ERR5004710	13114.palenik.42.s008	24161414	27078	24134336
ERR5004712	13114.palenik.42.s010	19213378	18390	19194988
ERR5004713	13114.palenik.42.s011	24379378	23630	24355748
ERR5004714	13114.palenik.42.s012	15452616	26689	15425927
ERR5004715	13114.palenik.42.s013	15150890	42910	15107980
ERR5004721	13114.palenik.42.s020	20169164	19805	20149359
ERR5004723	13114.pinto.63.s002	6225784	4178646	2047138
ERR5004726	13114.pinto.63.s005	18251112	7735313	10515799
ERR5004727	13114.pinto.63.s006	22190432	14825051	7365381
ERR5004728	13114.pinto.63.s007	24790678	18079531	6711147
ERR5004729	13114.pinto.63.s008	475622	330469	145153
ERR5004731	13114.pinto.63.s010	5075246	19753	5055493
ERR5004733	13114.pinto.63.s012	19509388	15125030	4384358
ERR5004738	13114.pinto.63.s017	22450722	6786627	15664095
ERR5004739	13114.pinto.63.s018	23146142	256111	22890031
ERR5004740	13114.pinto.63.s019	16529526	68158	16461368
ERR5004741	13114.pinto.63.s020	15551944	46671	15505273
ERR5004743	13114.pinto.63.s022	5338044	19477	5318567
ERR5004744	13114.pinto.63.s023	20575834	62166	20513668
ERR5004745	13114.pinto.63.s024	17041182	469972	16571210
ERR5004748	13114.pinto.63.s027	19794180	110060	19684120
ERR5004753	13114.rohwer.84.s008	15530146	6916	15523230
ERR5004755	13114.rohwer.85.s002	21039334	60429	20978905
ERR5004756	13114.rohwer.85.s003	20902698	30231	20872467
ERR5004757	13114.rohwer.85.s004	18329866	17640	18312226
ERR5004760	13114.rohwer.85.s007	10404100	12862	10391238
ERR5004761	13114.rohwer.85.s008	600610	23989	576621
ERR5004765	13114.rohwer.85.s012	129522	71246	58276
ERR5004766	13114.rohwer.85.s013	73372	838	72534
ERR5004767	13114.rohwer.85.s014	50726	3665	47061
ERR5004768	13114.rohwer.85.s015	460	85	375
ERR5004769	13114.rohwer.85.s016	19549174	60425	19488749
ERR5004770	13114.rohwer.85.s017	33314	150	33164
ERR5004771	13114.rohwer.85.s018	134654	574	134080
ERR5004773	13114.rohwer.85.s020	12067016	44653	12022363
ERR5004774	13114.rohwer.85.s021	1160674	189161	971513
ERR5004779	13114.rohwer.85.s026	335332	266345	68987
ERR5004780	13114.rohwer.85.s027	852664	78124	774540
ERR5004782	13114.rohwer.86.s002	15978462	11982	15966480
ERR5004783	13114.rohwer.86.s003	4597994	2529	4595465
ERR5004787	13114.roy.chowdhury.45.s004	122779954	11974	122767980
ERR5004791	13114.roy.chowdhury.45.s008	53388	11	53377
ERR5004795	13114.roy.chowdhury.45.s012	45774	68	45706
ERR5004796	13114.roy.chowdhury.45.s013	16193866	2388	16191478
ERR5004797	13114.roy.chowdhury.45.s014	7516	4	7512
ERR5004800	13114.roy.chowdhury.45.s017	27272	4	27268
ERR5004802	13114.roy.chowdhury.45.s019	508	0	508
ERR5004805	13114.roy.chowdhury.45.s022	12550	59	12491
ERR5004806	13114.roy.chowdhury.45.s023	2862468	595	2861873
ERR5004807	13114.roy.chowdhury.45.s024	6619224	1992	6617232
ERR5004810	13114.sandin.54.s003	148078	180	147898
ERR5004813	13114.sandin.54.s006	599462	2985	596477
ERR5004815	13114.sandin.54.s008	10101514	2770	10098744
ERR5004819	13114.sandin.54.s012	12473718	8055	12465663
ERR5004822	13114.sandin.54.s015	23159998	27036	23132962
ERR5004823	13114.schmidt.56.s001	162892	47	162845
ERR5004825	13114.schmidt.56.s003	3402952	923	3402029
ERR5004826	13114.schmidt.56.s004	1582	0	1582
ERR5004828	13114.schmidt.56.s006	15194	40	15154
ERR5004829	13114.schmidt.56.s007	2355932	1118	2354814
ERR5004830	13114.schmidt.56.s008	494	0	494
ERR5004831	13114.schmidt.56.s009	394	0	394
ERR5004835	13114.schmidt.56.s013	86610	29	86581
ERR5004837	13114.schmidt.56.s015	4454	2	4452
ERR5004839	13114.schmidt.56.s017	4757682	2474	4755208
ERR5004840	13114.schmidt.56.s018	1124	5	1119
ERR5004842	13114.schmidt.56.s020	8713392	6059	8707333
ERR5004843	13114.schmidt.56.s021	4814	7	4807
ERR5004844	13114.schmidt.56.s022	25082456	23215	25059241
ERR5004845	13114.schmidt.56.s023	24980132	12587	24967545
ERR5004847	13114.schmidt.56.s025	4252908	1686	4251222
ERR5004848	13114.schmidt.56.s026	17405912	9705	17396207
ERR5004850	13114.seedorf.71.s002	14063808	4591	14059217
ERR5004852	13114.seedorf.71.s004	24011706	14421	23997285
ERR5004853	13114.seedorf.71.s005	6304	4	6300
ERR5004854	13114.seedorf.71.s006	16827120	59577	16767543
ERR5004860	13114.seedorf.71.s012	20848386	7601	20840785
ERR5004861	13114.seedorf.71.s013	2082244	2713	2079531
ERR5004866	13114.shade.23.s004	21900002	34370	21865632
ERR5004867	13114.shade.23.s005	150918	634	150284
ERR5004869	13114.shade.23.s007	15663226	39782	15623444
ERR5004871	13114.shade.23.s009	19678860	44863	19633997
ERR5004872	13114.shade.23.s010	22836694	13349	22823345
ERR5004875	13114.smith.39.s003	24795230	41276	24753954
ERR5004879	13114.smith.39.s007	12377152	6032	12371120
ERR5004884	13114.song.51.s004	31143624	32508	31111116
ERR5004885	13114.song.51.s005	56172748	38499	56134249
ERR5004888	13114.song.51.s008	36920506	11348	36909158
ERR5004898	13114.song.51.s018	46637696	81266	46556430
ERR5004901	13114.song.52.s001	39949260	128576	39820684
ERR5004908	13114.song.52.s008	13507900	12380	13495520
ERR5004910	13114.song.52.s010	33347958	65224	33282734
ERR5004913	13114.song.52.s013	11704744	27863	11676881
ERR5004920	13114.song.53.s005	42427294	384007	42043287
ERR5004921	13114.song.53.s006	37505458	360565	37144893
ERR5004922	13114.song.53.s007	10310766	51520	10259246
ERR5004923	13114.song.53.s008	48921222	31087	48890135
ERR5004926	13114.song.53.s011	45237716	267256	44970460
ERR5004929	13114.song.53.s014	48220146	1961576	46258570
ERR5004931	13114.song.75.s001	129330	154	129176
ERR5004935	13114.stegen.36.s001	8171604	2644	8168960
ERR5004936	13114.stegen.36.s002	22028776	6499	22022277
ERR5004940	13114.stegen.36.s006	23357746	4282	23353464
ERR5004943	13114.stegen.36.s009	14970766	4862	14965904
ERR5004945	13114.stegen.36.s011	33568874	16292	33552582
ERR5004948	13114.stegen.36.s014	2528638	628	2528010
ERR5004950	13114.stegen.37.s001	1958	0	1958
ERR5004951	13114.stegen.37.s002	11296	43	11253
ERR5004952	13114.stegen.37.s003	22078	7	22071
ERR5004955	13114.stegen.37.s006	7612	3	7609
ERR5004956	13114.stegen.37.s007	22068	20	22048
ERR5004957	13114.stegen.37.s008	431460	259	431201
ERR5004958	13114.stegen.37.s009	50186	90	50096
ERR5004959	13114.stegen.37.s010	119928	120	119808
ERR5004963	13114.stegen.38.s004	25776	257	25519
ERR5004964	13114.stegen.38.s005	17899520	322733	17576787
ERR5004966	13114.stegen.38.s007	25017836	84782	24933054
ERR5004968	13114.stegen.38.s009	16087418	280047	15807371
ERR5004970	13114.stegen.38.s011	18508960	91264	18417696
ERR5004973	13114.stegen.38.s014	16936082	83051	16853031
ERR5004974	13114.stegen.38.s015	66055084	375139	65679945
ERR5004975	13114.stegen.38.s016	12831570	69741	12761829
ERR5004976	13114.stegen.38.s017	22312942	491414	21821528
ERR5004977	13114.stegen.38.s018	16130162	58530	16071632
ERR5004979	13114.stewart.26.s002	7376572	5394	7371178
ERR5004981	13114.stewart.26.s004	3849242	1584	3847658
ERR5004985	13114.stewart.26.s008	7624264	4785	7619479
ERR5004986	13114.tait.77.s001	17347174	26247	17320927
ERR5004989	13114.tait.77.s004	16668198	92941	16575257
ERR5004990	13114.tait.77.s005	17234924	54390	17180534
ERR5004993	13114.tait.77.s008	14693420	60326	14633094
ERR5004997	13114.tait.78.s003	28251374	11547	28239827
ERR5004998	13114.thomas.18.s001	25388496	4606	25383890
ERR5005003	13114.thomas.18.s010	24565932	5599	24560333
ERR5005005	13114.thomas.18.s012	25483172	12340	25470832
ERR5005007	13114.thomas.18.s014	19119796	6277	19113519
ERR5005009	13114.thomas.18.s016	23239300	3037	23236263
ERR5005011	13114.thomas.18.s021	18889392	37754	18851638
ERR5005012	13114.thomas.18.s023	14344736	46809	14297927
ERR5005014	13114.thomas.18.s025	17336248	41738	17294510
ERR5005016	13114.thomas.18.s028	24338518	17488	24321030
ERR5005017	13114.thomas.18.s029	22415896	14629	22401267
ERR5005018	13114.thomas.18.s030	20564408	10251	20554157
ERR5005019	13114.thomas.18.s031	3976356	1511	3974845
ERR5005023	13114.thomas.18.s035	12698342	3065	12695277
ERR5005024	13114.thomas.18.s036	10990278	3546	10986732
ERR5005025	13114.thomas.18.s037	11775888	6506	11769382
ERR5005026	13114.thomas.18.s038	4947336	13632	4933704
ERR5005027	13114.thomas.18.s039	7090464	17175	7073289
ERR5005029	13114.thomas.18.s041	4821226	23876	4797350
ERR5005032	13114.thomas.18.s044	17120	11	17109
ERR5005033	13114.thomas.18.s045	8160778	2216	8158562
ERR5005035	13114.thomas.18.s047	8860	0	8860
ERR5005037	13114.thomas.18.s049	1069142	123	1069019
ERR5005040	13114.thomas.18.s052	7078692	20418	7058274
ERR5005041	13114.thomas.18.s053	5254762	18441	5236321
ERR5005043	13114.thomas.18.s055	9591264	7134	9584130
ERR5005044	13114.thomas.18.s056	9217538	6519	9211019
ERR5005045	13114.thomas.18.s057	7783776	5081	7778695
ERR5005046	13114.thomas.19.s050	3168946	2226	3166720
ERR5005050	13114.thomas.19.s054	3310184	1868	3308316
ERR5005051	13114.thomas.19.s055	5972540	8257	5964283
ERR5005052	13114.thomas.19.s056	4752598	2948	4749650
ERR5005054	13114.thomas.19.s058	1918038	1662	1916376
ERR5005055	13114.thomas.19.s059	2172346	848	2171498
ERR5005056	13114.thomas.19.s060	8938396	5353	8933043
ERR5005058	13114.thomas.19.s062	2821628	1469	2820159
ERR5005060	13114.thomas.19.s064	7458042	4722	7453320
ERR5005063	13114.tucker.58.s003	654738	623	654115
ERR5005064	13114.tucker.58.s004	5502	193	5309
ERR5005066	13114.tucker.58.s006	36048	188	35860
ERR5005067	13114.tucker.58.s007	4336	17	4319
ERR5005069	13114.tucker.58.s009	1122	0	1122
ERR5005071	13114.tucker.58.s011	365766	451	365315
ERR5005073	13114.tucker.58.s013	2937946	760	2937186
ERR5005075	13114.tucker.58.s015	873982	2137	871845
ERR5005077	13114.uren.82.s001	17127640	186865	16940775
ERR5005079	13114.uren.82.s003	949934	12749	937185
ERR5005080	13114.uren.82.s004	19785756	469534	19316222
ERR5005081	13114.uren.82.s005	17133318	592858	16540460
ERR5005082	13114.uren.82.s006	5000172	200331	4799841
ERR5005083	13114.uren.82.s007	395596	6373	389223
ERR5005086	13114.uren.82.s010	16635146	154929	16480217
ERR5005089	13114.zaneveld.9.s001	22110222	105140	22005082
ERR5005090	13114.zaneveld.9.s002	1140302	7104	1133198
ERR5005092	13114.zaneveld.9.s004	24074836	67827	24007009
ERR5005093	13114.zaneveld.9.s005	23056864	76516	22980348
ERR5005095	13114.zaneveld.9.s007	15741024	20067	15720957
ERR5005099	13114.zaneveld.9.s011	487566	3033	484533
ERR5005100	13114.zaneveld.9.s012	14427912	202733	14225179
ERR5005101	13114.zaneveld.9.s013	19037620	22414	19015206
ERR5005102	13114.zaneveld.9.s014	13044088	14982	13029106
ERR5005103	13114.zaneveld.9.s015	23901612	57438	23844174
ERR5005105	13114.zaneveld.9.s017	17344358	14918	17329440
ERR5005106	13114.zaneveld.9.s018	16117594	8606	16108988
ERR5005108	13114.zaneveld.9.s020	24580110	36431	24543679
ERR5005109	13114.zaneveld.9.s021	22321788	19024	22302764
ERR5005110	13114.zaneveld.9.s022	12847568	21318	12826250
ERR5005154	13114.girguis.50.s001	43615700	41591	43574109
ERR5005155	13114.girguis.50.s002	40777526	50607	40726919
ERR5005157	13114.girguis.50.s004	9628912	10563	9618349
ERR5005159	13114.girguis.50.s006	3125662	1743	3123919
ERR5005160	13114.girguis.50.s007	6777162	5489	6771673
ERR5005162	13114.girguis.50.s009	37544968	59019	37485949
ERR5005165	13114.girguis.50.s012	31029546	22826	31006720
ERR5005168	13114.minich.76.s003	44230718	153558	44077160
ERR5005170	13114.minich.76.s005	42660882	59632	42601250
ERR5005171	13114.minich.76.s006	29545216	666400	28878816
ERR5005172	13114.mousseau.88.s001	25580916	15431	25565485
ERR5005175	13114.mousseau.88.s004	200018	52	199966
ERR5005176	13114.mousseau.88.s005	18095970	7932	18088038
ERR5005179	13114.mousseau.88.s008	19520250	6647	19513603
ERR5005180	13114.mousseau.88.s009	8671712	4940	8666772
ERR5005181	13114.mousseau.88.s010	4396114	5460	4390654
ERR5005186	13114.mousseau.88.s015	279114	336	278778
ERR5005188	13114.mousseau.88.s017	4170728	3953	4166775
ERR5005193	13114.mousseau.88.s022	210030	273	209757
ERR5005195	13114.mousseau.88.s024	4560656	4737	4555919
ERR5005196	13114.mousseau.88.s025	7005744	11923	6993821
ERR5005197	13114.mousseau.88.s026	6040686	2781	6037905
ERR5005199	13114.mousseau.88.s028	2998112	1457	2996655
ERR5005202	13114.mousseau.88.s031	2164356	1509	2162847
ERR5005203	13114.mousseau.88.s032	28976384	19466	28956918
ERR5005204	13114.mousseau.88.s033	260072	1120	258952
ERR5005206	13114.mousseau.88.s035	14185516	10168	14175348
ERR5005208	13114.mousseau.88.s037	17690818	7896	17682922
ERR5005209	13114.mousseau.88.s039	11384958	8385	11376573
ERR5005210	13114.mousseau.88.s040	8262234	5512	8256722
ERR5005212	13114.mousseau.88.s042	6792630	3445	6789185
ERR5005213	13114.mousseau.88.s043	446666	1741	444925
ERR5005215	13114.mousseau.88.s045	22442130	25574	22416556
ERR5005217	13114.mousseau.88.s047	16734626	8141	16726485
ERR5005220	13114.mousseau.88.s050	21996972	11997	21984975
ERR5005221	13114.mousseau.88.s051	2130880	1806	2129074
ERR5005222	13114.mousseau.88.s052	21324224	7565	21316659
ERR5005224	13114.mousseau.88.s054	5503898	14278	5489620
ERR5005226	13114.mousseau.88.s056	17512928	7464	17505464
ERR5005227	13114.mousseau.88.s057	21844564	11058	21833506
ERR5005231	13114.mousseau.88.s062	11823322	577030	11246292
ERR5005233	13114.mousseau.88.s064	11388020	4956	11383064
ERR5005239	13114.mousseau.88.s070	7455232	11039	7444193
ERR5005240	13114.mousseau.88.s071	426926	460	426466
ERR5005241	13114.mousseau.88.s072	1221306	405	1220901
ERR5005242	13114.mousseau.88.s073	8700656	7322	8693334
ERR5005243	13114.mousseau.88.s074	10653878	6897	10646981
ERR5005244	13114.mousseau.88.s075	4778274	2076	4776198
ERR5005245	13114.mousseau.88.s076	14044486	5298	14039188
ERR5005246	13114.mousseau.88.s077	637916	170	637746
ERR5005247	13114.mousseau.88.s078	5677454	5284	5672170
ERR5005248	13114.mousseau.88.s079	19503382	16345	19487037
ERR5005249	13114.mousseau.88.s080	12383980	5237	12378743
ERR5005251	13114.mousseau.88.s082	205422	271	205151
ERR5005252	13114.mousseau.88.s083	9785232	4419	9780813
ERR5005258	13114.mousseau.88.s089	10096216	8959	10087257
ERR5005260	13114.mousseau.88.s091	11831588	6898	11824690
ERR5005262	13114.mousseau.88.s093	11956448	3927	11952521
ERR5005263	13114.mousseau.88.s094	9907632	8496	9899136
ERR5005264	13114.mousseau.88.s095	9135432	4949	9130483
ERR5005265	13114.mousseau.88.s096	12572298	15656	12556642
ERR5005266	13114.mousseau.88.s097	32457998	19860	32438138
ERR5005267	13114.mousseau.88.s098	16274634	7006	16267628
ERR5005268	13114.mousseau.88.s099	15463192	20180	15443012
ERR5005274	13114.mousseau.88.s105	14132704	6892	14125812
ERR5005276	13114.mousseau.88.s107	23163738	11191	23152547
ERR5005277	13114.mousseau.88.s108	20120092	6633	20113459
ERR5005278	13114.mousseau.88.s109	8164824	5794	8159030
ERR5005279	13114.mousseau.88.s110	5918600	2224	5916376
ERR5005282	13114.song.51.s001	141402	59	141343
ERR5005283	13114.song.51.s002	28003250	26886	27976364
ERR5005284	13114.song.51.s003	39768660	26551	39742109
ERR5005287	13114.song.51.s006	38041556	16446	38025110
ERR5005290	13114.song.51.s009	32012758	26574	31986184
ERR5005294	13114.song.51.s013	25627082	21292	25605790
ERR5005295	13114.song.51.s014	33865240	348166	33517074
ERR5005296	13114.song.51.s015	32649818	22480	32627338
ERR5005297	13114.song.51.s016	41374154	32381	41341773
ERR5005298	13114.song.51.s017	7923892	4505	7919387
ERR5005301	13114.song.51.s020	23640146	36938	23603208
ERR5005303	13114.song.52.s002	37816086	18185	37797901
ERR5005305	13114.song.52.s004	12005660	5445	12000215
ERR5005312	13114.song.52.s011	38564564	94036	38470528
ERR5005313	13114.song.52.s012	39775998	19846	39756152
ERR5005318	13114.song.53.s002	31721380	115884	31605496
ERR5005319	13114.song.53.s003	22280374	115074	22165300
ERR5005320	13114.song.53.s004	33349932	24939	33324993
ERR5005326	13114.song.53.s010	29721034	57222	29663812
ERR5005328	13114.song.53.s012	18951772	143659	18808113
ERR5005333	13114.song.75.s002	647262	5168	642094
ERR5005334	13114.song.75.s003	49804982	327618	49477364
ERR5005335	13114.song.75.s004	46283004	206790	46076214
