	sample_name	reads_length	status
0	13114.angenent.65.s009	4621476	Present
1	13114.bittleston.68.s010	5807606	Present
2	13114.bowen.74.s013	23612144	Present
3	13114.jensen.43.s003	20898594	Present
4	13114.jensen.43.s014	1886002	Absent
5	13114.jensen.43.s016	18685370	Present
6	13114.king.27.s008	14220040	Absent
7	13114.mayer.33.s007	25189284	Present
8	13114.mcmahon.21.s003	5875872	Absent
9	13114.mcmahon.21.s004	4248634	Absent
10	13114.mcmahon.21.s015	5317150	Absent
11	13114.mcmahon.21.s016	3027698	Absent
12	13114.myrold.5.s003	145309534	Present
13	13114.myrold.5.s004	14181796	Present
14	13114.myrold.5.s008	91233900	Present
15	13114.myrold.59.s006	21110084	Present
16	13114.myrold.59.s019	7826580	Present
17	13114.pinto.63.s003	8885858	Present
18	13114.rohwer.84.s001	6608944	Absent
19	13114.rohwer.84.s003	2009072	Absent
20	13114.rohwer.84.s005	22751892	Absent
21	13114.rohwer.84.s006	15173400	Absent
22	13114.rohwer.86.s001	21133670	Present
23	13114.roy.chowdhury.45.s015	11003848	Absent
24	13114.sandin.54.s009	18712218	Present
25	13114.sandin.54.s011	18671798	Present
26	13114.song.51.s010	30827864	Present
27	13114.song.53.s013	8243484	Present
28	13114.stegen.36.s010	141443184	Present
29	13114.stegen.37.s004	16410362	Present
30	13114.thomas.18.s017	4965640	Absent
31	13114.thomas.18.s018	5162644	Present
32	13114.thomas.18.s020	9995682	Absent
33	13114.thomas.19.s002	7128680	Absent
34	13114.thomas.19.s014	3994260	Absent
35	13114.thomas.19.s017	4321606	Absent
36	13114.thomas.19.s018	5156400	Absent
37	13114.thomas.19.s021	3246922	Absent
38	13114.thomas.19.s022	6968988	Absent
39	13114.thomas.19.s025	4075294	Present
40	13114.tucker.58.s014	2794174	Present
41	13114.zaneveld.9.s006	19180116	Present
42	13114.angenent.65.s003	3203010	Present
43	13114.angenent.65.s004	6527168	Present
44	13114.angenent.65.s007	21949208	Present
45	13114.angenent.65.s008	4144210	Present
46	13114.berry.2.s001	21406882	Present
47	13114.berry.2.s003	18594710	Absent
48	13114.bittleston.68.s003	17651038	Present
49	13114.bittleston.68.s006	16786652	Present
50	13114.bittleston.68.s014	5042178	Present
51	13114.bowen.74.s006	18865838	Absent
52	13114.bowen.74.s008	5475146	Present
53	13114.bowen.74.s015	20074884	Present
54	13114.distel.72.s007	7630616	Absent
55	13114.girguis.50.s005	45668360	Absent
56	13114.jensen.43.s001	12962990	Absent
57	13114.jensen.43.s005	2493564	Absent
58	13114.jensen.43.s015	17058966	Absent
59	13114.king.27.s005	7325404	Absent
60	13114.king.27.s009	5596244	Absent
61	13114.king.27.s013	18881676	Present
62	13114.king.27.s016	15974958	Absent
63	13114.macrae.crerar.3.s004	22964122	Present
64	13114.macrae.crerar.3.s005	16026964	Present
65	13114.macrae.crerar.3.s009	95691998	Present
66	13114.macrae.crerar.3.s012	18158642	Present
67	13114.makhalanyane.46.s010	16273326	Present
68	13114.mayer.34.s002	21665266	Present
69	13114.mayer.34.s004	12023314	Absent
70	13114.mayer.34.s006	15394676	Present
71	13114.mcmahon.21.s001	3394082	Present
72	13114.mcmahon.21.s002	4337854	Absent
73	13114.mcmahon.21.s005	5045316	Absent
74	13114.mcmahon.21.s006	2976416	Absent
75	13114.mcmahon.21.s007	5000662	Absent
76	13114.mcmahon.21.s011	8994320	Absent
77	13114.mcmahon.21.s012	2367226	Absent
78	13114.mcmahon.21.s013	4466818	Absent
79	13114.mcmahon.21.s014	4230240	Absent
80	13114.mcmahon.21.s017	4714442	Absent
81	13114.metcalf.40.s002	17504588	Present
82	13114.metcalf.40.s006	22865776	Present
83	13114.metcalf.40.s014	13573334	Present
84	13114.myrold.5.s007	31479704	Present
85	13114.myrold.5.s009	21436330	Present
86	13114.myrold.59.s005	13428290	Present
87	13114.myrold.59.s021	6449082	Present
88	13114.myrold.59.s022	10548926	Present
89	13114.palenik.42.s009	22698742	Absent
90	13114.palenik.42.s016	4454200	Absent
91	13114.palenik.42.s017	15985952	Present
92	13114.palenik.42.s019	20539554	Present
93	13114.pinto.63.s004	21014118	Absent
94	13114.pinto.63.s011	19273576	Present
95	13114.pinto.63.s021	3260880	Absent
96	13114.pinto.63.s025	15498502	Present
97	13114.rohwer.84.s002	4004280	Absent
98	13114.rohwer.84.s004	4622066	Absent
99	13114.rohwer.84.s014	1314976	Present
100	13114.rohwer.85.s001	7838856	Present
101	13114.rohwer.85.s005	1101904	Present
102	13114.rohwer.85.s006	10988718	Present
103	13114.rohwer.85.s019	20605622	Present
104	13114.rohwer.85.s022	15574286	Present
105	13114.roy.chowdhury.45.s010	1928612	Absent
106	13114.roy.chowdhury.45.s016	13521414	Absent
107	13114.sandin.54.s004	27756388	Present
108	13114.sandin.54.s013	5448764	Present
109	13114.seedorf.71.s001	13542234	Absent
110	13114.seedorf.71.s009	43463498	Present
111	13114.seedorf.71.s011	21856984	Present
112	13114.seedorf.71.s014	20949974	Present
113	13114.shade.23.s006	4762918	Absent
114	13114.shade.23.s008	59438706	Present
115	13114.smith.39.s001	5639128	Present
116	13114.smith.39.s006	1923314	Absent
117	13114.song.51.s007	35587402	Present
118	13114.song.52.s003	41732186	Present
119	13114.song.52.s007	41763760	Present
120	13114.song.52.s009	41411170	Present
121	13114.song.52.s014	33815218	Present
122	13114.song.52.s015	14929704	Present
123	13114.song.53.s001	41016756	Absent
124	13114.stegen.36.s003	3446194	Absent
125	13114.stegen.36.s007	9914708	Absent
126	13114.stegen.36.s013	14393346	Absent
127	13114.stegen.38.s003	3846336	Present
128	13114.stewart.26.s005	3794358	Present
129	13114.stewart.26.s006	3934488	Present
130	13114.stewart.26.s007	16695652	Present
131	13114.tait.77.s003	19201798	Present
132	13114.tait.77.s009	21223078	Present
133	13114.thomas.18.s004	5243684	Absent
134	13114.thomas.18.s005	6080374	Absent
135	13114.thomas.18.s006	4164988	Absent
136	13114.thomas.18.s007	6648462	Absent
137	13114.thomas.18.s008	11111236	Present
138	13114.thomas.18.s011	5302460	Absent
139	13114.thomas.18.s022	4964602	Present
140	13114.thomas.18.s027	2736236	Present
141	13114.thomas.19.s003	3592336	Absent
142	13114.thomas.19.s004	4312076	Absent
143	13114.thomas.19.s007	4565636	Absent
144	13114.thomas.19.s008	6687702	Absent
145	13114.thomas.19.s009	3400836	Absent
146	13114.thomas.19.s010	5344968	Absent
148	13114.thomas.19.s019	6271614	Absent
149	13114.thomas.19.s020	5079776	Absent
150	13114.thomas.19.s023	4781262	Absent
151	13114.thomas.19.s024	5793454	Present
152	13114.thomas.19.s026	4846662	Absent
153	13114.tucker.58.s008	464338	Present
154	13114.tucker.58.s016	23993374	Present
155	13114.uren.82.s002	3285798	Present
156	13114.zaneveld.9.s003	19190030	Present
157	13114.zaneveld.9.s008	15967840	Present
158	13114.zaneveld.9.s016	9359116	Present
165	13114.angenent.65.s001	18152396	Present
166	13114.angenent.65.s002	22607094	Present
167	13114.angenent.65.s006	5175088	Present
168	13114.berry.2.s006	16431896	Present
169	13114.berry.2.s008	27625858	Absent
170	13114.berry.2.s013	25438624	Present
171	13114.berry.2.s016	20730642	Present
172	13114.berry.2.s017	14324750	Present
173	13114.berry.2.s019	12549480	Present
174	13114.bittleston.68.s001	5637018	Present
175	13114.bittleston.68.s005	18365436	Present
176	13114.bittleston.68.s008	17844580	Present
177	13114.bittleston.68.s012	4804516	Present
178	13114.bittleston.68.s015	2143214	Absent
179	13114.bowen.74.s004	20005220	Absent
180	13114.distel.72.s005	17116310	Present
181	13114.distel.72.s011	22707816	Absent
182	13114.distel.72.s015	24710030	Present
183	13114.girguis.50.s008	37244198	Present
184	13114.jensen.43.s002	941944	Absent
185	13114.jensen.43.s004	12381348	Present
186	13114.jensen.43.s006	20673946	Absent
187	13114.jensen.43.s007	14721568	Present
188	13114.jensen.43.s008	1574594	Present
189	13114.jensen.43.s009	10140742	Present
190	13114.jensen.43.s010	22466786	Present
191	13114.jensen.43.s011	23131672	Present
192	13114.jensen.43.s017	8183722	Absent
193	13114.jensen.43.s019	18044200	Present
194	13114.king.27.s001	31839284	Present
195	13114.king.27.s003	1919446	Absent
196	13114.king.27.s004	4398938	Absent
197	13114.king.27.s014	7629198	Absent
199	13114.king.27.s018	4541220	Absent
200	13114.king.27.s020	18802102	Present
202	13114.macrae.crerar.3.s002	14304614	Present
203	13114.macrae.crerar.3.s003	15072172	Absent
204	13114.macrae.crerar.3.s006	10465424	Present
205	13114.macrae.crerar.3.s008	4508926	Absent
206	13114.macrae.crerar.3.s010	4907550	Present
207	13114.makhalanyane.46.s002	750	Present
208	13114.makhalanyane.46.s005	207812	Present
209	13114.makhalanyane.46.s009	155732	Present
210	13114.makhalanyane.47.s001	3654	Absent
213	13114.mayer.33.s004	22197846	Present
214	13114.mayer.34.s007	17610084	Present
215	13114.mayer.34.s008	21665692	Present
216	13114.mcmahon.21.s009	28650678	Present
217	13114.metcalf.40.s003	4240890	Present
218	13114.metcalf.40.s004	10128042	Present
219	13114.metcalf.40.s005	19144964	Present
220	13114.metcalf.40.s009	22194584	Absent
221	13114.metcalf.40.s010	21326452	Absent
222	13114.metcalf.40.s013	18093010	Present
223	13114.metcalf.81.s001	24167238	Present
224	13114.metcalf.81.s002	20352622	Present
225	13114.metcalf.81.s003	24305546	Present
226	13114.minich.76.s004	9241736	Present
227	13114.mousseau.88.s011	151174046	Present
228	13114.mousseau.88.s016	178639060	Present
229	13114.mousseau.88.s019	250066480	Present
230	13114.mousseau.88.s020	646110	Absent
231	13114.mousseau.88.s030	30810488	Absent
232	13114.mousseau.88.s036	6216332	Present
233	13114.mousseau.88.s046	16885242	Absent
234	13114.mousseau.88.s048	581294	Absent
235	13114.mousseau.88.s049	14911492	Present
236	13114.mousseau.88.s053	14765916	Present
237	13114.mousseau.88.s055	15534702	Present
238	13114.mousseau.88.s058	17708506	Absent
239	13114.mousseau.88.s066	8725194	Present
240	13114.mousseau.88.s067	158298	Absent
241	13114.mousseau.88.s085	3204152	Present
242	13114.mousseau.88.s086	16208164	Absent
243	13114.mousseau.88.s104	11397892	Present
244	13114.myrold.5.s001	19329976	Present
245	13114.myrold.5.s005	35170344	Present
246	13114.myrold.5.s006	28949330	Present
247	13114.myrold.5.s012	15461678	Present
248	13114.myrold.59.s001	15309182	Present
249	13114.myrold.59.s012	3342	Absent
250	13114.myrold.59.s017	11231540	Present
251	13114.myrold.59.s020	4624324	Present
252	13114.palenik.42.s007	22963314	Present
253	13114.palenik.42.s014	542286	Present
254	13114.palenik.42.s015	17293986	Present
255	13114.palenik.42.s018	23761762	Present
256	13114.pinto.63.s001	13420420	Absent
257	13114.pinto.63.s009	19167348	Present
258	13114.pinto.63.s013	17629558	Present
259	13114.pinto.63.s014	13876276	Present
260	13114.pinto.63.s015	18901936	Absent
261	13114.pinto.63.s016	23414694	Absent
262	13114.pinto.63.s026	4482928	Present
263	13114.pinto.63.s028	16809322	Present
264	13114.rohwer.84.s007	20381844	Absent
266	13114.rohwer.85.s010	129158	Present
267	13114.rohwer.85.s011	9825476	Present
268	13114.rohwer.85.s023	93648	Absent
269	13114.rohwer.85.s024	1671252	Present
270	13114.rohwer.85.s025	98200	Absent
271	13114.roy.chowdhury.45.s001	155428	Present
274	13114.roy.chowdhury.45.s005	3746	Absent
275	13114.roy.chowdhury.45.s006	14358292	Absent
276	13114.roy.chowdhury.45.s007	14643980	Present
277	13114.roy.chowdhury.45.s009	138626	Absent
278	13114.roy.chowdhury.45.s011	591374	Absent
280	13114.roy.chowdhury.45.s020	16204852	Absent
281	13114.roy.chowdhury.45.s021	7684548	Present
282	13114.sandin.54.s001	126006	Present
283	13114.sandin.54.s002	139938	Absent
284	13114.sandin.54.s005	604754	Present
285	13114.sandin.54.s007	5034502	Present
286	13114.sandin.54.s010	17071184	Absent
287	13114.sandin.54.s014	22559710	Absent
288	13114.schmidt.56.s002	1016430	Present
289	13114.schmidt.56.s005	22018	Absent
290	13114.schmidt.56.s010	2944	Absent
292	13114.schmidt.56.s012	14047906	Present
293	13114.schmidt.56.s014	15487226	Present
295	13114.schmidt.56.s019	22666	Absent
296	13114.schmidt.56.s024	18751984	Present
297	13114.seedorf.71.s003	16873506	Present
298	13114.seedorf.71.s007	13725482	Absent
299	13114.seedorf.71.s008	213564	Present
300	13114.seedorf.71.s010	42771352	Present
301	13114.shade.23.s001	318730	Absent
302	13114.shade.23.s002	85721202	Present
303	13114.shade.23.s003	16497058	Present
304	13114.smith.39.s002	4910318	Absent
305	13114.smith.39.s004	846234	Absent
306	13114.smith.39.s005	24153408	Present
307	13114.smith.39.s008	401574	Absent
308	13114.song.51.s011	45095710	Present
309	13114.song.51.s012	36140640	Present
310	13114.song.51.s019	41514714	Present
311	13114.song.52.s005	35372506	Absent
312	13114.song.52.s006	32812416	Present
313	13114.song.53.s009	16774274	Present
314	13114.song.53.s015	77065632	Present
315	13114.stegen.36.s004	23390706	Present
316	13114.stegen.36.s005	45940	Absent
317	13114.stegen.36.s008	17208800	Absent
318	13114.stegen.36.s012	20724106	Present
319	13114.stegen.36.s015	9716910	Present
321	13114.stegen.38.s001	25418686	Present
322	13114.stegen.38.s002	32445234	Present
323	13114.stegen.38.s006	26244986	Present
324	13114.stegen.38.s008	372206	Absent
325	13114.stegen.38.s010	1089230	Absent
326	13114.stegen.38.s012	29624118	Present
327	13114.stegen.38.s013	17762848	Present
328	13114.stewart.26.s001	10400484	Absent
329	13114.stewart.26.s003	1325160	Present
330	13114.tait.77.s002	18283236	Present
331	13114.tait.77.s006	17996486	Present
332	13114.tait.77.s007	17013110	Present
333	13114.tait.78.s001	27740268	Absent
334	13114.tait.78.s002	29348094	Present
335	13114.thomas.18.s002	30497398	Present
336	13114.thomas.18.s003	14677948	Absent
337	13114.thomas.18.s009	24416912	Absent
338	13114.thomas.18.s013	25942770	Present
339	13114.thomas.18.s015	21036742	Absent
340	13114.thomas.18.s019	14887102	Absent
341	13114.thomas.18.s024	19630368	Present
342	13114.thomas.18.s026	13889854	Absent
344	13114.thomas.18.s033	12329828	Absent
345	13114.thomas.18.s034	358	Absent
346	13114.thomas.18.s040	14360072	Present
348	13114.thomas.18.s043	11548994	Absent
349	13114.thomas.18.s046	15207334	Absent
350	13114.thomas.18.s048	14432014	Absent
351	13114.thomas.18.s050	8203814	Absent
352	13114.thomas.18.s051	5111260	Absent
353	13114.thomas.18.s054	8090210	Absent
354	13114.thomas.19.s051	2637224	Absent
355	13114.thomas.19.s052	9371500	Absent
356	13114.thomas.19.s053	9319168	Absent
357	13114.thomas.19.s057	4572550	Absent
358	13114.thomas.19.s061	1878310	Absent
359	13114.thomas.19.s063	2864456	Absent
360	13114.tucker.58.s001	2222750	Present
361	13114.tucker.58.s002	18330	Absent
362	13114.tucker.58.s005	2480	Present
363	13114.tucker.58.s010	526906	Absent
364	13114.tucker.58.s012	19422068	Present
365	13114.uren.82.s008	4584276	Present
366	13114.uren.82.s009	4755168	Present
367	13114.uren.82.s011	368750	Absent
368	13114.uren.82.s012	24484660	Present
369	13114.zaneveld.9.s009	21811820	Absent
370	13114.zaneveld.9.s010	7995802	Present
371	13114.zaneveld.9.s019	2233604	Present
382	13114.angenent.65.s005	7669196	Present
383	13114.berry.2.s002	22677348	Present
384	13114.berry.2.s004	9571552	Present
385	13114.berry.2.s005	5498120	Absent
386	13114.berry.2.s007	4416216	Present
387	13114.berry.2.s009	24006558	Present
388	13114.berry.2.s010	16409960	Absent
389	13114.berry.2.s011	15398996	Present
390	13114.berry.2.s012	6018772	Present
391	13114.berry.2.s014	24957934	Present
392	13114.berry.2.s015	13551100	Present
393	13114.berry.2.s018	15564866	Present
394	13114.berry.2.s020	25146800	Present
395	13114.bittleston.68.s002	19599338	Present
396	13114.bittleston.68.s004	17435060	Present
397	13114.bittleston.68.s007	14608978	Present
398	13114.bittleston.68.s009	4978422	Present
399	13114.bittleston.68.s011	1269750	Present
400	13114.bittleston.68.s013	148898	Absent
401	13114.bowen.74.s001	26246916	Absent
402	13114.bowen.74.s002	22914326	Absent
403	13114.bowen.74.s003	18665760	Absent
404	13114.bowen.74.s005	16396728	Absent
405	13114.bowen.74.s007	18889142	Present
406	13114.bowen.74.s009	21688136	Absent
407	13114.bowen.74.s010	925548	Present
408	13114.bowen.74.s011	25597538	Present
409	13114.bowen.74.s012	23331332	Absent
410	13114.bowen.74.s014	18633862	Absent
411	13114.bowen.74.s016	14446762	Absent
412	13114.distel.72.s001	18271856	Present
413	13114.distel.72.s002	11180480	Present
414	13114.distel.72.s003	21708304	Present
415	13114.distel.72.s004	19718770	Present
416	13114.distel.72.s006	17727388	Present
417	13114.distel.72.s008	24966532	Absent
418	13114.distel.72.s009	7143252	Absent
419	13114.distel.72.s010	21110912	Present
420	13114.distel.72.s012	12492610	Absent
421	13114.distel.72.s013	17551376	Present
422	13114.distel.72.s014	15136	Absent
423	13114.girguis.50.s003	15571432	Present
424	13114.girguis.50.s010	16209178	Absent
425	13114.girguis.50.s011	14327896	Absent
426	13114.jensen.43.s012	16355216	Present
427	13114.jensen.43.s013	4044246	Absent
428	13114.jensen.43.s018	5278932	Absent
429	13114.king.27.s002	369080	Absent
430	13114.king.27.s006	233852	Absent
431	13114.king.27.s007	5473932	Absent
432	13114.king.27.s010	7715280	Present
433	13114.king.27.s011	10403660	Present
434	13114.king.27.s012	8607806	Present
435	13114.king.27.s015	7155474	Present
437	13114.macrae.crerar.3.s001	3944422	Present
438	13114.macrae.crerar.3.s007	22930	Absent
439	13114.macrae.crerar.3.s011	17291056	Present
442	13114.makhalanyane.46.s004	40856	Present
443	13114.makhalanyane.46.s006	24124	Absent
444	13114.makhalanyane.46.s007	616610	Absent
445	13114.makhalanyane.46.s008	57784	Absent
450	13114.makhalanyane.47.s007	11026	Absent
451	13114.makhalanyane.47.s009	536	Absent
452	13114.mayer.33.s001	23129294	Present
453	13114.mayer.33.s002	28322196	Present
454	13114.mayer.33.s003	11549730	Absent
455	13114.mayer.33.s005	27364410	Present
456	13114.mayer.33.s006	24711042	Present
457	13114.mayer.34.s001	28746732	Present
458	13114.mayer.34.s003	19353108	Present
459	13114.mayer.34.s005	21908700	Absent
460	13114.mayer.34.s009	20565646	Present
461	13114.mayer.34.s010	20497638	Present
462	13114.mcmahon.21.s008	30332514	Present
463	13114.mcmahon.21.s010	29496840	Present
464	13114.metcalf.40.s001	21459132	Present
465	13114.metcalf.40.s007	16474568	Present
466	13114.metcalf.40.s008	18250088	Present
467	13114.metcalf.40.s011	23303526	Present
468	13114.metcalf.40.s012	23364692	Present
469	13114.minich.76.s001	42247104	Present
470	13114.minich.76.s002	61601736	Present
471	13114.mousseau.88.s002	6337640	Present
472	13114.mousseau.88.s003	14435968	Absent
473	13114.mousseau.88.s006	5874386	Absent
474	13114.mousseau.88.s007	6116156	Present
475	13114.mousseau.88.s012	577576	Absent
476	13114.mousseau.88.s013	340220	Present
477	13114.mousseau.88.s014	17758194	Present
479	13114.mousseau.88.s021	14020556	Present
480	13114.mousseau.88.s023	40571884	Absent
481	13114.mousseau.88.s027	4535070	Present
482	13114.mousseau.88.s029	76444842	Present
483	13114.mousseau.88.s034	1110540	Present
484	13114.mousseau.88.s041	15041148	Absent
485	13114.mousseau.88.s044	2439096	Absent
486	13114.mousseau.88.s059	6103536	Present
487	13114.mousseau.88.s061	4293466	Present
488	13114.mousseau.88.s063	11987704	Present
489	13114.mousseau.88.s065	30765384	Present
490	13114.mousseau.88.s068	12082688	Absent
491	13114.mousseau.88.s069	18604324	Present
492	13114.mousseau.88.s081	21734564	Absent
493	13114.mousseau.88.s084	24746336	Present
494	13114.mousseau.88.s087	17722456	Present
495	13114.mousseau.88.s088	3995268	Present
496	13114.mousseau.88.s090	11363734	Absent
497	13114.mousseau.88.s092	7627424	Absent
498	13114.mousseau.88.s100	8888998	Present
499	13114.mousseau.88.s101	13233414	Present
500	13114.mousseau.88.s102	4225554	Absent
501	13114.mousseau.88.s103	3808608	Absent
502	13114.mousseau.88.s106	9893692	Absent
503	13114.mousseau.88.s111	1068058	Present
504	13114.mousseau.88.s112	4934030	Present
505	13114.myrold.5.s002	28876228	Present
506	13114.myrold.5.s010	29744724	Present
507	13114.myrold.5.s011	19051944	Present
508	13114.myrold.59.s002	44289226	Present
509	13114.myrold.59.s003	9898660	Present
510	13114.myrold.59.s004	33148436	Present
511	13114.myrold.59.s007	22892368	Absent
512	13114.myrold.59.s008	1493196	Absent
513	13114.myrold.59.s009	3687480	Present
514	13114.myrold.59.s010	14859266	Present
515	13114.myrold.59.s011	33596730	Present
516	13114.myrold.59.s013	71154	Present
517	13114.myrold.59.s014	26788	Absent
518	13114.myrold.59.s015	28837920	Absent
519	13114.myrold.59.s016	1028098	Absent
521	13114.palenik.42.s001	22082624	Present
522	13114.palenik.42.s002	27040928	Present
523	13114.palenik.42.s003	19293568	Present
524	13114.palenik.42.s004	267762	Absent
525	13114.palenik.42.s005	4896290	Absent
526	13114.palenik.42.s006	17443866	Absent
527	13114.palenik.42.s008	24161414	Absent
528	13114.palenik.42.s010	19213378	Absent
529	13114.palenik.42.s011	24379378	Absent
530	13114.palenik.42.s012	15452616	Present
531	13114.palenik.42.s013	15150890	Present
532	13114.palenik.42.s020	20169164	Absent
533	13114.pinto.63.s002	6225784	Absent
534	13114.pinto.63.s005	18251112	Absent
535	13114.pinto.63.s006	22190432	Present
536	13114.pinto.63.s007	24790678	Absent
537	13114.pinto.63.s008	475622	Absent
538	13114.pinto.63.s010	5075246	Present
539	13114.pinto.63.s012	19509388	Present
540	13114.pinto.63.s017	22450722	Present
541	13114.pinto.63.s018	23146142	Present
542	13114.pinto.63.s019	16529526	Present
543	13114.pinto.63.s020	15551944	Absent
544	13114.pinto.63.s022	5338044	Present
545	13114.pinto.63.s023	20575834	Absent
546	13114.pinto.63.s024	17041182	Present
547	13114.pinto.63.s027	19794180	Absent
548	13114.rohwer.84.s008	15530146	Absent
549	13114.rohwer.85.s002	21039334	Present
550	13114.rohwer.85.s003	20902698	Present
551	13114.rohwer.85.s004	18329866	Present
552	13114.rohwer.85.s007	10404100	Present
553	13114.rohwer.85.s008	600610	Present
554	13114.rohwer.85.s012	129522	Absent
555	13114.rohwer.85.s013	73372	Absent
556	13114.rohwer.85.s014	50726	Absent
557	13114.rohwer.85.s015	460	Absent
558	13114.rohwer.85.s016	19549174	Present
559	13114.rohwer.85.s017	33314	Absent
560	13114.rohwer.85.s018	134654	Absent
561	13114.rohwer.85.s020	12067016	Present
562	13114.rohwer.85.s021	1160674	Present
563	13114.rohwer.85.s026	335332	Present
564	13114.rohwer.85.s027	852664	Present
565	13114.rohwer.86.s002	15978462	Absent
566	13114.rohwer.86.s003	4597994	Present
567	13114.roy.chowdhury.45.s004	122779954	Absent
569	13114.roy.chowdhury.45.s012	45774	Absent
570	13114.roy.chowdhury.45.s013	16193866	Present
574	13114.roy.chowdhury.45.s022	12550	Absent
575	13114.roy.chowdhury.45.s023	2862468	Absent
576	13114.roy.chowdhury.45.s024	6619224	Present
577	13114.sandin.54.s003	148078	Absent
578	13114.sandin.54.s006	599462	Present
579	13114.sandin.54.s008	10101514	Present
580	13114.sandin.54.s012	12473718	Present
581	13114.sandin.54.s015	23159998	Present
582	13114.schmidt.56.s001	162892	Absent
583	13114.schmidt.56.s003	3402952	Present
585	13114.schmidt.56.s006	15194	Absent
586	13114.schmidt.56.s007	2355932	Absent
589	13114.schmidt.56.s013	86610	Absent
591	13114.schmidt.56.s017	4757682	Absent
592	13114.schmidt.56.s018	1124	Absent
593	13114.schmidt.56.s020	8713392	Present
594	13114.schmidt.56.s021	4814	Absent
595	13114.schmidt.56.s022	25082456	Present
596	13114.schmidt.56.s023	24980132	Present
597	13114.schmidt.56.s025	4252908	Absent
598	13114.schmidt.56.s026	17405912	Present
599	13114.seedorf.71.s002	14063808	Absent
600	13114.seedorf.71.s004	24011706	Absent
601	13114.seedorf.71.s005	6304	Absent
602	13114.seedorf.71.s006	16827120	Present
603	13114.seedorf.71.s012	20848386	Absent
604	13114.seedorf.71.s013	2082244	Absent
605	13114.shade.23.s004	21900002	Absent
606	13114.shade.23.s005	150918	Absent
607	13114.shade.23.s007	15663226	Present
608	13114.shade.23.s009	19678860	Present
609	13114.shade.23.s010	22836694	Absent
610	13114.smith.39.s003	24795230	Present
611	13114.smith.39.s007	12377152	Present
612	13114.song.51.s004	31143624	Absent
613	13114.song.51.s005	56172748	Present
614	13114.song.51.s008	36920506	Present
615	13114.song.51.s018	46637696	Absent
616	13114.song.52.s001	39949260	Present
617	13114.song.52.s008	13507900	Absent
618	13114.song.52.s010	33347958	Present
619	13114.song.52.s013	11704744	Present
620	13114.song.53.s005	42427294	Present
621	13114.song.53.s006	37505458	Present
622	13114.song.53.s007	10310766	Present
623	13114.song.53.s008	48921222	Present
624	13114.song.53.s011	45237716	Present
625	13114.song.53.s014	48220146	Present
627	13114.stegen.36.s001	8171604	Present
628	13114.stegen.36.s002	22028776	Present
629	13114.stegen.36.s006	23357746	Absent
630	13114.stegen.36.s009	14970766	Present
631	13114.stegen.36.s011	33568874	Present
632	13114.stegen.36.s014	2528638	Absent
634	13114.stegen.37.s002	11296	Absent
637	13114.stegen.37.s007	22068	Absent
638	13114.stegen.37.s008	431460	Absent
639	13114.stegen.37.s009	50186	Present
640	13114.stegen.37.s010	119928	Absent
641	13114.stegen.38.s004	25776	Absent
642	13114.stegen.38.s005	17899520	Present
643	13114.stegen.38.s007	25017836	Present
644	13114.stegen.38.s009	16087418	Present
645	13114.stegen.38.s011	18508960	Present
646	13114.stegen.38.s014	16936082	Present
647	13114.stegen.38.s015	66055084	Present
648	13114.stegen.38.s016	12831570	Present
649	13114.stegen.38.s017	22312942	Present
650	13114.stegen.38.s018	16130162	Present
651	13114.stewart.26.s002	7376572	Present
652	13114.stewart.26.s004	3849242	Present
653	13114.stewart.26.s008	7624264	Present
654	13114.tait.77.s001	17347174	Present
655	13114.tait.77.s004	16668198	Present
656	13114.tait.77.s005	17234924	Present
657	13114.tait.77.s008	14693420	Present
658	13114.tait.78.s003	28251374	Absent
659	13114.thomas.18.s001	25388496	Present
660	13114.thomas.18.s010	24565932	Absent
661	13114.thomas.18.s012	25483172	Present
662	13114.thomas.18.s014	19119796	Present
663	13114.thomas.18.s016	23239300	Absent
664	13114.thomas.18.s021	18889392	Present
665	13114.thomas.18.s023	14344736	Present
666	13114.thomas.18.s025	17336248	Present
667	13114.thomas.18.s028	24338518	Present
668	13114.thomas.18.s029	22415896	Absent
669	13114.thomas.18.s030	20564408	Absent
670	13114.thomas.18.s031	3976356	Present
671	13114.thomas.18.s035	12698342	Absent
672	13114.thomas.18.s036	10990278	Present
673	13114.thomas.18.s037	11775888	Absent
674	13114.thomas.18.s038	4947336	Absent
675	13114.thomas.18.s039	7090464	Absent
676	13114.thomas.18.s041	4821226	Present
678	13114.thomas.18.s045	8160778	Absent
680	13114.thomas.18.s049	1069142	Absent
681	13114.thomas.18.s052	7078692	Absent
682	13114.thomas.18.s053	5254762	Absent
683	13114.thomas.18.s055	9591264	Absent
684	13114.thomas.18.s056	9217538	Absent
685	13114.thomas.18.s057	7783776	Absent
686	13114.thomas.19.s050	3168946	Absent
687	13114.thomas.19.s054	3310184	Absent
688	13114.thomas.19.s055	5972540	Absent
689	13114.thomas.19.s056	4752598	Absent
690	13114.thomas.19.s058	1918038	Absent
691	13114.thomas.19.s059	2172346	Absent
692	13114.thomas.19.s060	8938396	Absent
693	13114.thomas.19.s062	2821628	Absent
694	13114.thomas.19.s064	7458042	Absent
695	13114.tucker.58.s003	654738	Present
696	13114.tucker.58.s004	5502	Absent
697	13114.tucker.58.s006	36048	Present
698	13114.tucker.58.s007	4336	Absent
700	13114.tucker.58.s011	365766	Present
701	13114.tucker.58.s013	2937946	Present
702	13114.tucker.58.s015	873982	Present
703	13114.uren.82.s001	17127640	Present
704	13114.uren.82.s003	949934	Absent
705	13114.uren.82.s004	19785756	Present
706	13114.uren.82.s005	17133318	Present
707	13114.uren.82.s006	5000172	Present
708	13114.uren.82.s007	395596	Absent
709	13114.uren.82.s010	16635146	Present
710	13114.zaneveld.9.s001	22110222	Present
711	13114.zaneveld.9.s002	1140302	Absent
712	13114.zaneveld.9.s004	24074836	Present
713	13114.zaneveld.9.s005	23056864	Present
714	13114.zaneveld.9.s007	15741024	Present
715	13114.zaneveld.9.s011	487566	Present
716	13114.zaneveld.9.s012	14427912	Present
717	13114.zaneveld.9.s013	19037620	Present
718	13114.zaneveld.9.s014	13044088	Present
719	13114.zaneveld.9.s015	23901612	Present
720	13114.zaneveld.9.s017	17344358	Present
721	13114.zaneveld.9.s018	16117594	Absent
722	13114.zaneveld.9.s020	24580110	Present
723	13114.zaneveld.9.s021	22321788	Present
724	13114.zaneveld.9.s022	12847568	Present
725	13114.girguis.50.s001	43615700	Present
726	13114.girguis.50.s002	40777526	Present
727	13114.girguis.50.s004	9628912	Present
728	13114.girguis.50.s006	3125662	Absent
729	13114.girguis.50.s007	6777162	Absent
730	13114.girguis.50.s009	37544968	Present
731	13114.girguis.50.s012	31029546	Absent
732	13114.minich.76.s003	44230718	Present
733	13114.minich.76.s005	42660882	Present
734	13114.minich.76.s006	29545216	Present
735	13114.mousseau.88.s001	25580916	Present
736	13114.mousseau.88.s004	200018	Absent
737	13114.mousseau.88.s005	18095970	Present
738	13114.mousseau.88.s008	19520250	Present
739	13114.mousseau.88.s009	8671712	Present
740	13114.mousseau.88.s010	4396114	Absent
741	13114.mousseau.88.s015	279114	Absent
742	13114.mousseau.88.s017	4170728	Present
743	13114.mousseau.88.s022	210030	Present
744	13114.mousseau.88.s024	4560656	Absent
745	13114.mousseau.88.s025	7005744	Present
746	13114.mousseau.88.s026	6040686	Present
747	13114.mousseau.88.s028	2998112	Present
748	13114.mousseau.88.s031	2164356	Absent
749	13114.mousseau.88.s032	28976384	Present
750	13114.mousseau.88.s033	260072	Present
751	13114.mousseau.88.s035	14185516	Present
752	13114.mousseau.88.s037	17690818	Absent
753	13114.mousseau.88.s039	11384958	Present
754	13114.mousseau.88.s040	8262234	Absent
755	13114.mousseau.88.s042	6792630	Absent
756	13114.mousseau.88.s043	446666	Present
757	13114.mousseau.88.s045	22442130	Present
758	13114.mousseau.88.s047	16734626	Present
759	13114.mousseau.88.s050	21996972	Present
760	13114.mousseau.88.s051	2130880	Absent
761	13114.mousseau.88.s052	21324224	Present
762	13114.mousseau.88.s054	5503898	Present
763	13114.mousseau.88.s056	17512928	Present
764	13114.mousseau.88.s057	21844564	Present
765	13114.mousseau.88.s062	11823322	Present
766	13114.mousseau.88.s064	11388020	Absent
767	13114.mousseau.88.s070	7455232	Present
768	13114.mousseau.88.s071	426926	Absent
769	13114.mousseau.88.s072	1221306	Absent
770	13114.mousseau.88.s073	8700656	Present
771	13114.mousseau.88.s074	10653878	Present
772	13114.mousseau.88.s075	4778274	Absent
773	13114.mousseau.88.s076	14044486	Absent
774	13114.mousseau.88.s077	637916	Absent
775	13114.mousseau.88.s078	5677454	Present
776	13114.mousseau.88.s079	19503382	Present
777	13114.mousseau.88.s080	12383980	Absent
778	13114.mousseau.88.s082	205422	Absent
779	13114.mousseau.88.s083	9785232	Absent
780	13114.mousseau.88.s089	10096216	Absent
781	13114.mousseau.88.s091	11831588	Absent
782	13114.mousseau.88.s093	11956448	Absent
783	13114.mousseau.88.s094	9907632	Present
784	13114.mousseau.88.s095	9135432	Present
785	13114.mousseau.88.s096	12572298	Present
786	13114.mousseau.88.s097	32457998	Present
787	13114.mousseau.88.s098	16274634	Present
788	13114.mousseau.88.s099	15463192	Present
789	13114.mousseau.88.s105	14132704	Present
790	13114.mousseau.88.s107	23163738	Present
791	13114.mousseau.88.s108	20120092	Absent
792	13114.mousseau.88.s109	8164824	Absent
793	13114.mousseau.88.s110	5918600	Absent
794	13114.song.51.s001	141402	Absent
795	13114.song.51.s002	28003250	Present
796	13114.song.51.s003	39768660	Absent
797	13114.song.51.s006	38041556	Absent
798	13114.song.51.s009	32012758	Present
799	13114.song.51.s013	25627082	Present
800	13114.song.51.s014	33865240	Present
801	13114.song.51.s015	32649818	Present
802	13114.song.51.s016	41374154	Absent
803	13114.song.51.s017	7923892	Absent
804	13114.song.51.s020	23640146	Present
805	13114.song.52.s002	37816086	Present
806	13114.song.52.s004	12005660	Absent
807	13114.song.52.s011	38564564	Present
808	13114.song.52.s012	39775998	Present
809	13114.song.53.s002	31721380	Present
810	13114.song.53.s003	22280374	Present
811	13114.song.53.s004	33349932	Present
812	13114.song.53.s010	29721034	Present
813	13114.song.53.s012	18951772	Present
814	13114.song.75.s002	647262	Present
815	13114.song.75.s003	49804982	Present
816	13114.song.75.s004	46283004	Present
